#Kurszusatz G: Geld, Kauf>Verkauf;  B: Brief, Kauf<Verkauf;  b: bezahlt, Kauf=Verkauf, T: Taxe, Keine Buy/Sell Order
#Differenz        = Kurs - InnererWert
#DifferenzProzent = (Kurs - InnererWert)*100 / InnererWert 
# AVG: Average 
# NPBW_NP: Not Performed Buy Wish at new Price  = BuyWish at NewPrice - PerformedWish
# NPSW_NP: Not Performed Sell Wish at new Price = SellWish at NewPrice - PerformedWish
# NPBW_NP and NPSW_NP will not get minus value. Minial value is 0.
# 
# NPBW_ALL: Not Performed Buy Wish total = Total BuyWish - PerformedWish
# NPSW_ALL: Not Performed Sell Wish total = Total SellWish - PerformedWish 
#Handeltag;Preis;Kurszusatz;Umsatz;TradeVolume;InnererWert;Differ;DifferProzent;HighestBuyLimit;LowestSellLimit;Differ;DifferProzent;Average;AVGDeviation_BuyLimit;AVGDeviation_SellLimit;MengeAtHighestBuyLimit;VolumeAtHighestBuyLimit;MengeAtLowestSellLimit;VolumeAtLowestSellLimit;Umsatz;TradeVolume;NPBW_NEWPRICE;NPSW_NEWPRICE;NPBW_ALL;NPSW_ALL;
1;988,00;B;5.0;4940.0;1000,00;-12,00;-1,00;990,00;872,00;118,00;13,5321;931,00;12,50;128,1429;4,00;3960,00;3,00;2616,00;5.0;4940.0;0,00;0,00;65,00;65,00;
2;987,00;B;5.0;4935.0;957,00;30,00;3,00;993,00;873,00;120,00;13,7457;933,00;-2,1176;123,5769;1,00;993,00;2,00;1746,00;5.0;4935.0;0,00;0,00;65,00;65,00;
3;983,00;B;2.0;1966.0;912,00;71,00;8,00;984,00;838,00;146,00;17,4224;911,00;-13,84;116,6471;1,00;984,00;1,00;838,00;2.0;1966.0;0,00;0,00;68,00;68,00;
4;973,00;B;3.0;2919.0;951,00;22,00;2,00;973,00;919,00;54,00;5,876;946,00;-86,6667;22,8065;3,00;2919,00;2,00;1838,00;3.0;2919.0;0,00;0,00;67,00;67,00;
5;973,00;T;0.0;0.0;924,00;49,00;5,00;945,00;959,00;-14,00;-1,4599;952,00;-54,2727;48,2759;0,00;0,00;0,00;0,00;0.0;0.0;0,00;0,00;70,00;70,00;
6;973,00;B;3.0;2919.0;887,00;86,00;10,00;973,00;932,00;41,00;4,3991;952,50;-84,9783;27,9167;3,00;2919,00;2,00;1864,00;3.0;2919.0;0,00;0,00;67,00;67,00;
7;973,00;T;0.0;0.0;940,00;33,00;4,00;879,00;891,00;-12,00;-1,3468;885,00;-48,20;58,1935;0,00;0,00;0,00;0,00;0.0;0.0;0,00;0,00;70,00;70,00;
8;952,00;B;3.0;2856.0;916,00;36,00;4,00;1056,00;943,00;113,00;11,983;999,50;-116,7593;-3,8333;3,00;3168,00;2,00;1886,00;3.0;2856.0;0,00;1,00;67,00;67,00;
9;905,00;G;1.0;905.0;923,00;-18,00;-2,00;905,00;798,00;107,00;13,4085;851,50;7,9815;114,3148;1,00;905,00;1,00;798,00;1.0;905.0;0,00;0,00;69,00;69,00;
10;897,00;G;1.0;897.0;893,00;4,00;0,00;897,00;788,00;109,00;13,8325;842,50;5,5417;106,3333;1,00;897,00;1,00;788,00;1.0;897.0;0,00;0,00;69,00;69,00;
11;867,00;G;3.0;2601.0;940,00;-73,00;-8,00;867,00;763,00;104,00;13,6304;815,00;7,4091;108,6071;3,00;2601,00;3,00;2289,00;3.0;2601.0;0,00;0,00;67,00;67,00;
12;868,00;G;60.0;52080.0;957,00;-89,00;-9,00;1038,00;868,00;170,00;19,5853;953,00;-115,7143;23,12;1,00;1038,00;60,00;52080,00;60.0;52080.0;0,00;0,00;10,00;10,00;
13;872,00;G;120.0;104640.0;985,00;-113,00;-11,00;1060,00;868,00;192,00;22,1198;964,00;-128,2222;28,1852;1,00;1060,00;20,00;17360,00;120.0;104640.0;0,00;0,00;-50,00;-50,00;
14;901,00;B;139.0;125239.0;972,00;-71,00;-7,00;960,00;839,00;121,00;14,4219;899,50;-45,0714;125,9583;2,00;1920,00;1,00;839,00;139.0;125239.0;0,00;0,00;-69,00;-69,00;
15;895,00;B;79.0;70705.0;998,00;-103,00;-10,00;944,00;828,00;116,00;14,0097;886,00;-26,0833;120,4074;2,00;1888,00;2,00;1656,00;79.0;70705.0;0,00;0,00;-9,00;-9,00;
16;903,00;G;142.0;128226.0;1001,00;-98,00;-10,00;973,00;854,00;119,00;13,9344;913,50;-49,2143;122,6071;2,00;1946,00;2,00;1708,00;142.0;128226.0;0,00;0,00;-72,00;-72,00;
17;922,00;G;67.0;61774.0;966,00;-44,00;-5,00;971,00;904,00;67,00;7,4115;937,50;-70,50;102,7174;4,00;3884,00;5,00;4520,00;67.0;61774.0;0,00;0,00;73,00;3,00;
18;934,00;G;35.0;32690.0;960,00;-26,00;-3,00;1091,00;922,00;169,00;18,3297;1006,50;-123,00;18,6154;2,00;2182,00;5,00;4610,00;35.0;32690.0;0,00;0,00;35,00;35,00;
19;941,00;B;12.0;11292.0;993,00;-52,00;-5,00;952,00;934,00;18,00;1,9272;943,00;-48,6667;73,75;2,00;1904,00;3,00;2802,00;12.0;11292.0;0,00;0,00;58,00;58,00;
20;961,00;G;21.0;20181.0;959,00;2,00;0,00;983,00;935,00;48,00;5,1337;959,00;-57,3846;87,8462;2,00;1966,00;3,00;2805,00;21.0;20181.0;0,00;0,00;49,00;49,00;
21;970,00;B;3.0;2910.0;1001,00;-31,00;-3,00;970,00;961,00;9,00;0,9365;965,50;-66,5385;56,50;3,00;2910,00;1,00;961,00;3.0;2910.0;0,00;0,00;67,00;67,00;
22;995,00;G;2.0;1990.0;967,00;28,00;3,00;1124,00;963,00;161,00;16,7186;1043,50;-122,0263;18,7857;1,00;1124,00;1,00;963,00;2.0;1990.0;0,00;0,00;68,00;68,00;
23;997,00;b;4.0;3988.0;981,00;16,00;2,00;998,00;997,00;1,00;0,1003;997,50;-61,7188;49,0652;1,00;998,00;4,00;3988,00;4.0;3988.0;0,00;0,00;66,00;66,00;
24;997,00;G;3.0;2991.0;1015,00;-18,00;-2,00;997,00;997,00;0,00;0,00;997,00;-55,5926;58,5238;3,00;2991,00;3,00;2991,00;3.0;2991.0;0,00;0,00;67,00;67,00;
25;1021,00;G;2.0;2042.0;1009,00;12,00;1,00;1021,00;1006,00;15,00;1,4911;1013,50;-46,6429;81,8214;2,00;2042,00;2,00;2012,00;2.0;2042.0;0,00;0,00;68,00;68,00;
26;1021,00;T;0.0;0.0;959,00;62,00;6,00;1031,00;1038,00;-7,00;-0,6744;1034,50;-59,2143;56,3182;0,00;0,00;0,00;0,00;0.0;0.0;0,00;0,00;70,00;70,00;
27;1020,00;B;37.0;37740.0;991,00;29,00;3,00;1097,00;983,00;114,00;11,5972;1040,00;-122,875;25,0833;2,00;2194,00;2,00;1966,00;37.0;37740.0;0,00;0,00;33,00;33,00;
28;1025,00;G;8.0;8200.0;997,00;28,00;3,00;1026,00;1015,00;11,00;1,0837;1020,50;-70,1538;58,0217;5,00;5130,00;2,00;2030,00;8.0;8200.0;0,00;0,00;62,00;62,00;
29;1030,00;G;6.0;6180.0;948,00;82,00;9,00;1141,00;1026,00;115,00;11,2086;1083,50;-121,9194;-4,413;2,00;2282,00;2,00;2052,00;6.0;6180.0;0,00;0,00;64,00;64,00;
30;1023,00;B;45.0;46035.0;1006,00;17,00;2,00;1036,00;975,00;61,00;6,2564;1005,50;-99,8636;61,60;5,00;5180,00;2,00;1950,00;45.0;46035.0;0,00;0,00;25,00;25,00;
31;1027,00;G;2.0;2054.0;1035,00;-8,00;-1,00;1027,00;898,00;129,00;14,3653;962,50;13,60;123,3929;2,00;2054,00;2,00;1796,00;2.0;2054.0;0,00;0,00;68,00;68,00;
32;1041,00;G;3.0;3123.0;1067,00;-26,00;-2,00;1046,00;917,00;129,00;14,0676;981,50;13,1296;137,2273;2,00;2092,00;3,00;2751,00;3.0;3123.0;0,00;0,00;67,00;67,00;
33;1073,00;b;2.0;2146.0;1011,00;62,00;6,00;1073,00;1051,00;22,00;2,0932;1062,00;-40,4062;86,1786;2,00;2146,00;2,00;2102,00;2.0;2146.0;0,00;0,00;68,00;68,00;
34;1073,00;G;45.0;48285.0;1044,00;29,00;3,00;1073,00;901,00;172,00;19,0899;987,00;-20,5769;133,6923;45,00;48285,00;1,00;901,00;45.0;48285.0;0,00;0,00;25,00;25,00;
35;1080,00;G;8.0;8640.0;1031,00;49,00;5,00;1202,00;1068,00;134,00;12,5468;1135,00;-111,6061;-5,3636;2,00;2404,00;2,00;2136,00;8.0;8640.0;0,00;0,00;62,00;62,00;
36;1087,00;G;10.0;10870.0;982,00;105,00;11,00;1090,00;1080,00;10,00;0,9259;1085,00;-62,8919;57,0476;2,00;2180,00;2,00;2160,00;10.0;10870.0;0,00;0,00;60,00;60,00;
37;1092,00;G;124.0;135408.0;1029,00;63,00;6,00;1094,00;1029,00;65,00;6,3168;1061,50;-98,8846;70,1667;40,00;43760,00;2,00;2058,00;124.0;135408.0;0,00;0,00;-54,00;-54,00;
38;1099,00;G;19.0;20881.0;1067,00;32,00;3,00;1102,00;1075,00;27,00;2,5116;1088,50;-83,7174;61,2368;2,00;2204,00;2,00;2150,00;19.0;20881.0;0,00;0,00;51,00;51,00;
39;1099,00;T;0.0;0.0;1012,00;87,00;9,00;1107,00;1109,00;-2,00;-0,1803;1108,00;-50,2121;60,8636;0,00;0,00;0,00;0,00;0.0;0.0;0,00;0,00;70,00;140,00;
40;1099,00;G;47.0;51653.0;1032,00;67,00;6,00;1099,00;1057,00;42,00;3,9735;1078,00;-88,76;63,4375;47,00;51653,00;2,00;2114,00;47.0;51653.0;0,00;0,00;23,00;23,00;
41;1106,00;G;34.0;37604.0;1050,00;56,00;5,00;1106,00;1077,00;29,00;2,6927;1091,50;-87,1207;57,0714;34,00;37604,00;2,00;2154,00;34.0;37604.0;0,00;0,00;36,00;36,00;
42;1114,00;G;10.0;11140.0;1015,00;99,00;10,00;1117,00;1099,00;18,00;1,6379;1108,00;-78,3214;58,50;2,00;2234,00;2,00;2198,00;10.0;11140.0;0,00;0,00;60,00;60,00;
43;1118,00;G;64.0;71552.0;994,00;124,00;12,00;1184,00;1062,00;122,00;11,4878;1123,00;-131,4444;29,3636;1,00;1184,00;2,00;2124,00;64.0;71552.0;0,00;0,00;6,00;76,00;
44;1122,00;G;155.0;173910.0;978,00;144,00;15,00;1126,00;901,00;225,00;24,9723;1013,50;-43,2931;139,7857;8,00;9008,00;1,00;901,00;155.0;173910.0;0,00;0,00;-85,00;-85,00;
45;1127,00;G;154.0;173558.0;975,00;152,00;16,00;1146,00;1026,00;120,00;11,6959;1086,00;-130,7308;50,40;2,00;2292,00;2,00;2052,00;154.0;173558.0;0,00;0,00;-84,00;-84,00;
46;1130,00;G;364.0;411320.0;979,00;151,00;15,00;1138,00;1022,00;116,00;11,3503;1080,00;-125,5714;61,00;2,00;2276,00;2,00;2044,00;364.0;411320.0;0,00;0,00;-294,00;-294,00;
47;1134,00;B;381.0;432054.0;996,00;138,00;14,00;1141,00;1025,00;116,00;11,3171;1083,00;-125,0417;64,00;1,00;1141,00;4,00;4100,00;381.0;432054.0;0,00;0,00;-311,00;-311,00;
48;1133,00;G;154.0;174482.0;1027,00;106,00;10,00;1140,00;1041,00;99,00;9,5101;1090,50;-118,0161;61,9286;21,00;23940,00;2,00;2082,00;154.0;174482.0;0,00;0,00;-84,00;-84,00;
49;1140,00;G;139.0;158460.0;1020,00;120,00;12,00;1202,00;1076,00;126,00;11,71;1139,00;-139,1786;44,875;3,00;3606,00;2,00;2152,00;139.0;158460.0;0,00;0,00;-69,00;-69,00;
50;1147,00;G;154.0;176638.0;972,00;175,00;18,00;1148,00;1067,00;81,00;7,5914;1107,50;-112,50;70,25;60,00;68880,00;2,00;2134,00;154.0;176638.0;0,00;0,00;-84,00;-84,00;
51;1147,00;G;644.0;738668.0;969,00;178,00;18,00;1154,00;1017,00;137,00;13,471;1085,50;-133,2857;72,50;40,00;46160,00;2,00;2034,00;644.0;738668.0;0,00;0,00;-574,00;-641,00;
52;1147,00;G;644.0;738668.0;934,00;213,00;23,00;1158,00;1017,00;141,00;13,8643;1087,50;-138,8939;?;1,00;1158,00;2,00;2034,00;644.0;738668.0;0,00;0,00;-574,00;-644,00;
53;1143,00;G;644.0;736092.0;913,00;230,00;25,00;1155,00;978,00;177,00;18,0982;1066,50;-152,7143;91,50;8,00;9240,00;2,00;1956,00;644.0;736092.0;0,00;0,00;-574,00;-642,00;
54;1137,00;G;644.0;732228.0;935,00;202,00;22,00;1151,00;961,00;190,00;19,7711;1056,00;-160,2593;98,00;68,00;78268,00;2,00;1922,00;644.0;732228.0;0,00;0,00;-574,00;-643,00;
55;1136,00;G;644.0;731584.0;951,00;185,00;19,00;1145,00;981,00;164,00;16,7176;1063,00;-146,5172;85,00;23,00;26335,00;2,00;1962,00;644.0;731584.0;0,00;0,00;-574,00;-641,00;
56;1133,00;G;644.0;729652.0;902,00;231,00;26,00;1144,00;1000,00;144,00;14,40;1072,00;-143,6522;?;70,00;80080,00;4,00;4000,00;644.0;729652.0;0,00;0,00;-574,00;-644,00;
57;1124,00;G;644.0;723856.0;869,00;255,00;29,00;1141,00;945,00;196,00;20,7407;1043,00;-159,2414;101,00;41,00;46781,00;2,00;1890,00;644.0;723856.0;0,00;0,00;-574,00;-642,00;
58;1115,00;B;574.0;640010.0;888,00;227,00;26,00;1132,00;792,00;340,00;42,9293;962,00;-115,5238;?;7,00;7924,00;1,00;792,00;574.0;640010.0;0,00;0,00;-504,00;-574,00;
59;1107,00;B;435.0;481545.0;884,00;223,00;25,00;1122,00;902,00;220,00;24,3902;1012,00;-140,7667;?;5,00;5610,00;9,00;8118,00;435.0;481545.0;0,00;0,00;-365,00;-435,00;
60;1095,00;B;324.0;354780.0;881,00;214,00;24,00;1115,00;892,00;223,00;25,00;1003,50;-149,62;?;5,00;5575,00;4,00;3568,00;324.0;354780.0;0,00;0,00;-254,00;-324,00;
61;1087,00;B;130.0;141310.0;844,00;243,00;29,00;1102,00;787,00;315,00;40,0254;944,50;-98,6724;157,00;1,00;1102,00;2,00;1574,00;130.0;141310.0;0,00;0,00;-60,00;-126,00;
62;1076,00;B;105.0;112980.0;854,00;222,00;26,00;1093,00;852,00;241,00;28,2864;972,50;-161,0312;121,50;11,00;12023,00;1,00;852,00;105.0;112980.0;0,00;0,00;-35,00;-98,00;
63;1068,00;B;61.0;65148.0;872,00;196,00;22,00;1083,00;864,00;219,00;25,3472;973,50;-148,3276;?;12,00;12996,00;1,00;864,00;61.0;65148.0;0,00;0,00;9,00;-61,00;
64;1060,00;B;41.0;43460.0;881,00;179,00;20,00;1075,00;779,00;296,00;37,9974;927,00;-83,3846;145,75;7,00;7525,00;1,00;779,00;41.0;43460.0;0,00;0,00;99,00;-28,00;
65;1052,00;B;30.0;31560.0;912,00;140,00;15,00;1067,00;889,00;178,00;20,0225;978,00;-131,00;86,60;3,00;3201,00;1,00;889,00;30.0;31560.0;0,00;0,00;40,00;-29,00;
66;1044,00;B;12.0;12528.0;907,00;137,00;15,00;1058,00;924,00;134,00;14,5022;991,00;-112,5667;13,6216;2,00;2116,00;1,00;924,00;12.0;12528.0;0,00;0,00;58,00;-2,00;
67;1036,00;B;11.0;11396.0;859,00;177,00;21,00;1051,00;920,00;131,00;14,2391;985,50;-110,9375;63,10;2,00;2102,00;1,00;920,00;11.0;11396.0;0,00;0,00;59,00;-10,00;
68;872,00;G;1.0;872.0;900,00;-28,00;-3,00;872,00;867,00;5,00;0,5767;869,50;-42,0161;101,9651;1,00;872,00;1,00;867,00;1.0;872.0;0,00;0,00;69,00;14,00;
69;845,00;B;84.0;70980.0;862,00;-17,00;-2,00;890,00;838,00;52,00;6,2053;864,00;-56,125;89,6364;4,00;3560,00;16,00;13408,00;84.0;70980.0;0,00;0,00;-14,00;-14,00;
70;818,00;B;51.0;41718.0;849,00;-31,00;-4,00;852,00;749,00;103,00;13,7517;800,50;-19,2143;107,7273;2,00;1704,00;2,00;1498,00;51.0;41718.0;0,00;0,00;19,00;89,00;
71;791,00;B;113.0;89383.0;829,00;-38,00;-5,00;956,00;786,00;170,00;21,6285;871,00;-117,75;27,1429;2,00;1912,00;9,00;7074,00;113.0;89383.0;0,00;0,00;-43,00;-43,00;
72;767,00;G;132.0;101244.0;877,00;-110,00;-13,00;825,00;760,00;65,00;8,5526;792,50;-59,2143;87,7727;2,00;1650,00;16,00;12160,00;132.0;101244.0;0,00;0,00;-62,00;-62,00;
73;771,00;B;646.0;498066.0;822,00;-51,00;-6,00;988,00;737,00;251,00;34,057;862,50;?;65,9643;2,00;1976,00;49,00;36113,00;646.0;498066.0;0,00;0,00;-646,00;-576,00;
74;756,00;B;162.0;122472.0;815,00;-59,00;-7,00;924,00;741,00;183,00;24,6964;832,50;-106,1667;32,4375;3,00;2772,00;20,00;14820,00;162.0;122472.0;0,00;0,00;-92,00;-22,00;
75;739,00;B;157.0;116023.0;849,00;-110,00;-13,00;903,00;726,00;177,00;24,3802;814,50;-108,50;32,3571;3,00;2709,00;21,00;15246,00;157.0;116023.0;0,00;0,00;-87,00;-87,00;
76;735,00;B;506.0;371910.0;812,00;-77,00;-9,00;936,00;710,00;226,00;31,831;823,00;?;59,2963;2,00;1872,00;45,00;31950,00;506.0;371910.0;0,00;0,00;-506,00;-436,00;
77;733,00;B;156.0;114348.0;810,00;-77,00;-10,00;896,00;706,00;190,00;26,9122;801,00;-98,8333;41,4167;2,00;1792,00;6,00;4236,00;156.0;114348.0;0,00;0,00;-86,00;-86,00;
78;734,00;B;154.0;113036.0;804,00;-70,00;-9,00;783,00;704,00;79,00;11,2216;743,50;-44,30;92,9583;6,00;4698,00;10,00;7040,00;154.0;113036.0;0,00;0,00;-84,00;-84,00;
79;724,00;B;154.0;111496.0;827,00;-103,00;-12,00;781,00;685,00;96,00;14,0146;733,00;-38,7143;101,6923;2,00;1562,00;1,00;685,00;154.0;111496.0;0,00;0,00;-84,00;-84,00;
80;715,00;B;507.0;362505.0;828,00;-113,00;-14,00;913,00;695,00;218,00;31,3669;804,00;?;54,4074;3,00;2739,00;20,00;13900,00;507.0;362505.0;0,00;0,00;-507,00;-437,00;
81;714,00;B;574.0;409836.0;827,00;-113,00;-14,00;805,00;687,00;118,00;17,1761;746,00;?;115,0476;2,00;1610,00;38,00;26106,00;574.0;409836.0;0,00;0,00;-574,00;-504,00;
82;709,00;B;574.0;406966.0;862,00;-153,00;-18,00;806,00;687,00;119,00;17,3217;746,50;?;113,0455;2,00;1612,00;31,00;21297,00;574.0;406966.0;0,00;0,00;-574,00;-504,00;
83;741,00;B;646.0;478686.0;856,00;-115,00;-13,00;957,00;681,00;276,00;40,5286;819,00;?;77,1071;2,00;1914,00;39,00;26559,00;646.0;478686.0;0,00;0,00;-646,00;-576,00;
84;735,00;G;510.0;374850.0;895,00;-160,00;-18,00;836,00;712,00;124,00;17,4157;774,00;?;114,96;2,00;1672,00;5,00;3560,00;510.0;374850.0;0,00;0,00;-510,00;-440,00;
85;768,00;B;645.0;495360.0;924,00;-156,00;-17,00;995,00;706,00;289,00;40,9348;850,50;?;79,90;1,00;995,00;11,00;7766,00;645.0;495360.0;0,00;0,00;-645,00;-575,00;
86;807,00;B;644.0;519708.0;947,00;-140,00;-15,00;918,00;738,00;180,00;24,3902;828,00;?;149,9524;2,00;1836,00;23,00;16974,00;644.0;519708.0;0,00;0,00;-644,00;-574,00;
87;825,00;G;615.0;507375.0;934,00;-109,00;-12,00;939,00;776,00;163,00;21,0052;857,50;?;145,42;2,00;1878,00;2,00;1552,00;615.0;507375.0;0,00;0,00;-615,00;-545,00;
88;831,00;B;294.0;244314.0;977,00;-146,00;-15,00;928,00;796,00;132,00;16,5829;862,00;?;127,1923;2,00;1856,00;11,00;8756,00;294.0;244314.0;0,00;0,00;-294,00;-224,00;
89;867,00;G;268.0;232356.0;1012,00;-145,00;-14,00;969,00;799,00;170,00;21,2766;884,00;?;149,3846;2,00;1938,00;19,00;15181,00;268.0;232356.0;0,00;0,00;-268,00;-198,00;
90;934,00;G;146.0;136364.0;947,00;-13,00;-1,00;1004,00;836,00;168,00;20,0957;920,00;?;149,6538;2,00;2008,00;1,00;836,00;146.0;136364.0;0,00;0,00;-146,00;-76,00;
91;939,00;b;22.0;20658.0;992,00;-53,00;-5,00;959,00;842,00;117,00;13,8955;900,50;-32,80;125,22;2,00;1918,00;2,00;1684,00;22.0;20658.0;0,00;0,00;48,00;48,00;
92;983,00;G;18.0;17694.0;1013,00;-30,00;-3,00;1003,00;884,00;119,00;13,4615;943,50;-50,3333;129,98;4,00;4012,00;2,00;1768,00;18.0;17694.0;0,00;0,00;52,00;52,00;
93;983,00;T;0.0;0.0;1033,00;-50,00;-5,00;1024,00;1041,00;-17,00;-1,633;1032,50;-57,50;61,38;0,00;0,00;0,00;0,00;0.0;0.0;0,00;0,00;70,00;70,00;
94;983,00;T;0.0;0.0;990,00;-7,00;-1,00;1043,00;1062,00;-19,00;-1,7891;1052,50;-60,25;65,5455;0,00;0,00;0,00;0,00;0.0;0.0;0,00;0,00;70,00;70,00;
95;1003,00;G;1.0;1003.0;1022,00;-19,00;-2,00;1003,00;884,00;119,00;13,4615;943,50;8,8846;127,14;1,00;1003,00;1,00;884,00;1.0;1003.0;0,00;0,00;69,00;69,00;
96;1050,00;G;1.0;1050.0;1064,00;-14,00;-1,00;1050,00;925,00;125,00;13,5135;987,50;9,50;133,8333;1,00;1050,00;1,00;925,00;1.0;1050.0;0,00;0,00;69,00;69,00;
97;1050,00;T;0.0;0.0;1020,00;30,00;3,00;1090,00;1110,00;-20,00;-1,8018;1100,00;-62,8929;66,25;0,00;0,00;0,00;0,00;0.0;0.0;0,00;0,00;70,00;70,00;
98;1070,00;B;3.0;3210.0;1025,00;45,00;4,00;1195,00;1064,00;131,00;12,312;1129,50;-128,8913;-6,3519;3,00;3585,00;2,00;2128,00;3.0;3210.0;0,00;1,00;67,00;67,00;
99;1077,00;G;4.0;4308.0;1073,00;4,00;0,00;1077,00;1067,00;10,00;0,9372;1072,00;-58,1212;61,05;4,00;4308,00;2,00;2134,00;4.0;4308.0;0,00;0,00;66,00;66,00;
100;1100,00;G;3.0;3300.0;1090,00;10,00;1,00;1101,00;967,00;134,00;13,8573;1034,00;14,9032;142,2917;2,00;2202,00;3,00;2901,00;3.0;3300.0;0,00;0,00;67,00;67,00;
101;1100,00;T;0.0;0.0;1028,00;72,00;7,00;1132,00;1153,00;-21,00;-1,8213;1142,50;-61,7759;72,2037;0,00;0,00;0,00;0,00;0.0;0.0;0,00;0,00;70,00;70,00;
102;1100,00;G;4.0;4400.0;1047,00;53,00;5,00;1100,00;1094,00;6,00;0,5484;1097,00;-77,25;55,4231;4,00;4400,00;2,00;2188,00;4.0;4400.0;0,00;0,00;66,00;66,00;
103;1107,00;G;2.0;2214.0;1035,00;72,00;7,00;1107,00;958,00;149,00;15,5532;1032,50;16,2353;134,00;2,00;2214,00;2,00;1916,00;2.0;2214.0;0,00;0,00;68,00;138,00;
104;1114,00;G;12.0;13368.0;1079,00;35,00;3,00;1114,00;1097,00;17,00;1,5497;1105,50;-81,75;60,4545;12,00;13368,00;2,00;2194,00;12.0;13368.0;0,00;0,00;58,00;58,00;
105;1129,00;G;1.0;1129.0;1107,00;22,00;2,00;1129,00;987,00;142,00;14,387;1058,00;14,7037;146,1154;1,00;1129,00;1,00;987,00;1.0;1129.0;0,00;0,00;69,00;69,00;
106;1172,00;B;3.0;3516.0;1109,00;63,00;6,00;1315,00;1172,00;143,00;12,2014;1243,50;-145,6667;-10,2917;3,00;3945,00;3,00;3516,00;3.0;3516.0;0,00;1,00;67,00;67,00;
107;1180,00;G;3.0;3540.0;1085,00;95,00;9,00;1180,00;1160,00;20,00;1,7241;1170,00;-68,1875;84,8929;3,00;3540,00;3,00;3480,00;3.0;3540.0;0,00;0,00;67,00;67,00;
108;1187,00;G;12.0;14244.0;1089,00;98,00;9,00;1191,00;1169,00;22,00;1,882;1180,00;-90,76;62,5238;1,00;1191,00;2,00;2338,00;12.0;14244.0;0,00;0,00;58,00;58,00;
109;1195,00;G;16.0;19120.0;1063,00;132,00;12,00;1195,00;1013,00;182,00;17,9664;1104,00;-7,40;143,1579;16,00;19120,00;2,00;2026,00;16.0;19120.0;0,00;0,00;54,00;124,00;
110;1203,00;G;49.0;58947.0;1079,00;124,00;11,00;1203,00;1150,00;53,00;4,6087;1176,50;-103,8929;68,00;49,00;58947,00;2,00;2300,00;49.0;58947.0;0,00;0,00;21,00;21,00;
111;1210,00;G;50.0;60500.0;1066,00;144,00;14,00;1210,00;1005,00;205,00;20,398;1107,50;-22,46;152,1429;50,00;60500,00;1,00;1005,00;50.0;60500.0;0,00;0,00;20,00;20,00;
112;1215,00;B;81.0;98415.0;1056,00;159,00;15,00;1293,00;1154,00;139,00;12,0451;1223,50;-150,1667;30,60;1,00;1293,00;2,00;2308,00;81.0;98415.0;0,00;0,00;-11,00;-11,00;
113;1208,00;G;125.0;151000.0;1104,00;104,00;9,00;1218,00;987,00;231,00;23,4043;1102,50;-41,3846;155,00;20,00;24360,00;1,00;987,00;125.0;151000.0;0,00;0,00;-55,00;-55,00;
114;1216,00;B;20.0;24320.0;1041,00;175,00;17,00;1216,00;1027,00;189,00;18,4031;1121,50;-17,9583;149,1875;20,00;24320,00;3,00;3081,00;20.0;24320.0;0,00;0,00;50,00;50,00;
115;1207,00;B;141.0;170187.0;1007,00;200,00;20,00;1260,00;1124,00;136,00;12,0996;1192,00;-140,76;54,3333;1,00;1260,00;2,00;2248,00;141.0;170187.0;0,00;0,00;-71,00;-71,00;
116;1198,00;B;140.0;167720.0;1028,00;170,00;17,00;1213,00;944,00;269,00;28,4958;1078,50;-59,0385;138,50;20,00;24260,00;3,00;2832,00;140.0;167720.0;0,00;0,00;-70,00;-70,00;
117;1190,00;B;140.0;166600.0;993,00;197,00;20,00;1206,00;1112,00;94,00;8,4532;1159,00;-122,913;72,8333;40,00;48240,00;2,00;2224,00;140.0;166600.0;0,00;0,00;-70,00;-70,00;
118;1181,00;B;140.0;165340.0;964,00;217,00;23,00;1195,00;1076,00;119,00;11,0595;1135,50;-130,4167;64,50;20,00;23900,00;2,00;2152,00;140.0;165340.0;0,00;0,00;-70,00;-70,00;
119;1175,00;B;140.0;164500.0;1020,00;155,00;15,00;1186,00;1048,00;138,00;13,1679;1117,00;-139,6071;?;20,00;23720,00;2,00;2096,00;140.0;164500.0;0,00;0,00;-70,00;-140,00;
120;1169,00;G;111.0;129759.0;1037,00;132,00;13,00;1182,00;1102,00;80,00;7,2595;1142,00;-111,1538;77,625;40,00;47280,00;2,00;2204,00;111.0;129759.0;0,00;0,00;-41,00;-41,00;
121;1172,00;G;49.0;57428.0;1038,00;134,00;13,00;1180,00;1121,00;59,00;5,2632;1150,50;-99,9615;70,2273;2,00;2360,00;2,00;2242,00;49.0;57428.0;0,00;0,00;21,00;21,00;
122;1177,00;G;49.0;57673.0;1028,00;149,00;14,00;1183,00;1127,00;56,00;4,9689;1155,00;-108,3913;58,9231;3,00;3549,00;2,00;2254,00;49.0;57673.0;0,00;0,00;21,00;21,00;
123;1177,00;B;121.0;142417.0;1010,00;167,00;17,00;1188,00;1114,00;74,00;6,6427;1151,00;-110,8148;75,5714;1,00;1188,00;2,00;2228,00;121.0;142417.0;0,00;0,00;-51,00;-51,00;
124;1168,00;G;139.0;162352.0;1052,00;116,00;11,00;1178,00;1096,00;82,00;7,4818;1137,00;-115,36;77,8333;20,00;23560,00;2,00;2192,00;139.0;162352.0;0,00;0,00;-69,00;-69,00;
125;1168,00;G;34.0;39712.0;1048,00;120,00;11,00;1179,00;1135,00;44,00;3,8767;1157,00;-93,6667;67,8125;1,00;1179,00;2,00;2270,00;34.0;39712.0;0,00;0,00;36,00;36,00;
126;1174,00;G;44.0;51656.0;1034,00;140,00;14,00;1179,00;1136,00;43,00;3,7852;1157,50;-100,6481;67,50;3,00;3537,00;2,00;2272,00;44.0;51656.0;0,00;0,00;26,00;26,00;
127;1176,00;G;64.0;75264.0;1033,00;143,00;14,00;1185,00;1117,00;68,00;6,0877;1151,00;-106,9583;71,625;2,00;2370,00;2,00;2234,00;64.0;75264.0;0,00;0,00;6,00;6,00;
128;1177,00;G;79.0;92983.0;1012,00;165,00;16,00;1187,00;1121,00;66,00;5,8876;1154,00;-118,5217;76,75;1,00;1187,00;2,00;2242,00;79.0;92983.0;0,00;0,00;-9,00;-9,00;
129;1173,00;B;111.0;130203.0;1045,00;128,00;12,00;1188,00;1095,00;93,00;8,4932;1141,50;-118,3889;72,3571;1,00;1188,00;2,00;2190,00;111.0;130203.0;0,00;0,00;-41,00;-41,00;
130;1172,00;G;49.0;57428.0;1080,00;92,00;9,00;1262,00;1130,00;132,00;11,6814;1196,00;-146,00;24,2308;2,00;2524,00;2,00;2260,00;49.0;57428.0;0,00;0,00;21,00;21,00;
131;1178,00;B;7.0;8246.0;1072,00;106,00;10,00;1183,00;1165,00;18,00;1,5451;1174,00;-85,5714;62,1053;2,00;2366,00;2,00;2330,00;7.0;8246.0;0,00;0,00;63,00;133,00;
132;1183,00;B;40.0;47320.0;1120,00;63,00;6,00;1185,00;1140,00;45,00;3,9474;1162,50;-102,4167;66,5714;20,00;23700,00;2,00;2280,00;40.0;47320.0;0,00;0,00;30,00;30,00;
133;1187,00;B;3.0;3561.0;1052,00;135,00;13,00;1187,00;1184,00;3,00;0,2534;1185,50;-57,9516;60,6852;3,00;3561,00;2,00;2368,00;3.0;3561.0;0,00;0,00;67,00;67,00;
134;1179,00;b;94.0;110826.0;1015,00;164,00;16,00;1249,00;1121,00;128,00;11,4184;1185,00;-142,1071;53,6667;3,00;3747,00;4,00;4484,00;94.0;110826.0;0,00;0,00;-24,00;-24,00;
135;1178,00;B;70.0;82460.0;1080,00;98,00;9,00;1179,00;931,00;248,00;26,638;1055,00;-51,08;139,50;49,00;57771,00;3,00;2793,00;70.0;82460.0;0,00;0,00;0,00;0,00;
136;1177,00;G;34.0;40018.0;1098,00;79,00;7,00;1281,00;1145,00;136,00;11,8777;1213,00;-144,3929;20,4375;1,00;1281,00;2,00;2290,00;34.0;40018.0;0,00;0,00;36,00;36,00;
137;1183,00;G;12.0;14196.0;1098,00;85,00;8,00;1188,00;1166,00;22,00;1,8868;1177,00;-90,8571;59,7059;1,00;1188,00;2,00;2332,00;12.0;14196.0;0,00;0,00;58,00;58,00;
138;1185,00;b;12.0;14220.0;1067,00;118,00;11,00;1306,00;1167,00;139,00;11,9109;1236,50;-147,95;5,2619;2,00;2612,00;2,00;2334,00;12.0;14220.0;0,00;0,00;58,00;58,00;
139;1185,00;G;49.0;58065.0;1082,00;103,00;10,00;1262,00;1136,00;126,00;11,0915;1199,00;-144,00;27,3333;3,00;3786,00;2,00;2272,00;49.0;58065.0;0,00;0,00;21,00;21,00;
140;1186,00;G;39.0;46254.0;1029,00;157,00;15,00;1278,00;1148,00;130,00;11,324;1213,00;-141,8214;26,9091;3,00;3834,00;2,00;2296,00;39.0;46254.0;0,00;0,00;31,00;101,00;
141;1181,00;B;51.0;60231.0;1090,00;91,00;8,00;1193,00;944,00;249,00;26,3771;1068,50;-46,18;143,50;1,00;1193,00;2,00;1888,00;51.0;60231.0;0,00;0,00;19,00;19,00;
142;1179,00;G;17.0;20043.0;1111,00;68,00;6,00;1188,00;1155,00;33,00;2,8571;1171,50;-88,7083;67,125;3,00;3564,00;2,00;2310,00;17.0;20043.0;0,00;0,00;123,00;53,00;
143;1187,00;G;10.0;11870.0;1080,00;107,00;10,00;1187,00;1179,00;8,00;0,6785;1183,00;-79,20;59,875;10,00;11870,00;3,00;3537,00;10.0;11870.0;0,00;0,00;60,00;60,00;
144;1190,00;G;44.0;52360.0;1050,00;140,00;13,00;1198,00;1147,00;51,00;4,4464;1172,50;-103,125;67,3333;2,00;2396,00;2,00;2294,00;44.0;52360.0;0,00;0,00;96,00;26,00;
145;1183,00;B;52.0;61516.0;1103,00;80,00;7,00;1248,00;1114,00;134,00;12,0287;1181,00;-142,25;54,3333;3,00;3744,00;2,00;2228,00;52.0;61516.0;0,00;0,00;18,00;18,00;
146;1175,00;G;8.0;9400.0;1089,00;86,00;8,00;1181,00;1168,00;13,00;1,113;1174,50;-83,5833;62,875;1,00;1181,00;2,00;2336,00;8.0;9400.0;0,00;0,00;132,00;62,00;
147;1172,00;G;12.0;14064.0;1044,00;128,00;12,00;1177,00;1154,00;23,00;1,9931;1165,50;-89,4259;54,10;6,00;7062,00;2,00;2308,00;12.0;14064.0;0,00;0,00;58,00;58,00;
148;1175,00;B;28.0;32900.0;1094,00;81,00;7,00;1183,00;1108,00;75,00;6,769;1145,50;-111,50;77,375;2,00;2366,00;2,00;2216,00;28.0;32900.0;0,00;0,00;42,00;42,00;
149;1171,00;G;13.0;15223.0;1048,00;123,00;12,00;1182,00;1163,00;19,00;1,6337;1172,50;-90,5357;59,10;1,00;1182,00;7,00;8141,00;13.0;15223.0;0,00;0,00;57,00;57,00;
150;1163,00;B;9.0;10467.0;1004,00;159,00;16,00;1177,00;1114,00;63,00;5,6553;1145,50;-106,6429;55,8529;6,00;7062,00;2,00;2228,00;9.0;10467.0;0,00;0,00;61,00;61,00;
151;1156,00;B;8.0;9248.0;1028,00;128,00;12,00;1167,00;925,00;242,00;26,1622;1046,00;-49,25;137,3333;5,00;5835,00;1,00;925,00;8.0;9248.0;0,00;0,00;62,00;62,00;
152;1144,00;B;7.0;8008.0;1010,00;134,00;13,00;1162,00;1095,00;67,00;6,1187;1128,50;-109,8846;74,50;3,00;3486,00;2,00;2190,00;7.0;8008.0;0,00;0,00;63,00;63,00;
153;1132,00;B;4.0;4528.0;1052,00;80,00;8,00;1142,00;1080,00;62,00;5,7407;1111,00;-104,7692;51,75;1,00;1142,00;4,00;4320,00;4.0;4528.0;0,00;0,00;66,00;66,00;
154;1095,00;G;2.0;2190.0;1041,00;54,00;5,00;1126,00;968,00;158,00;16,3223;1047,00;-5,12;123,6333;1,00;1126,00;2,00;1936,00;2.0;2190.0;0,00;0,00;68,00;68,00;
155;1068,00;b;2.0;2136.0;1080,00;-12,00;-1,00;1068,00;943,00;125,00;13,2556;1005,50;6,9231;134,9667;2,00;2136,00;2,00;1886,00;2.0;2136.0;0,00;0,00;68,00;68,00;
156;1067,00;B;44.0;46948.0;1074,00;-7,00;-1,00;1107,00;971,00;136,00;14,0062;1039,00;-18,75;145,8077;2,00;2214,00;2,00;1942,00;44.0;46948.0;0,00;0,00;26,00;26,00;
157;1069,00;B;44.0;47036.0;1055,00;14,00;1,00;1096,00;1060,00;36,00;3,3962;1078,00;-61,6923;97,7037;2,00;2192,00;5,00;5300,00;44.0;47036.0;0,00;0,00;26,00;26,00;
158;1061,00;G;20.0;21220.0;1043,00;18,00;2,00;1228,00;1061,00;167,00;15,7399;1144,50;-132,2273;10,0556;2,00;2456,00;20,00;21220,00;20.0;21220.0;0,00;0,00;50,00;50,00;
159;1064,00;B;10.0;10640.0;1058,00;6,00;1,00;1071,00;1061,00;10,00;0,9425;1066,00;-60,619;71,4074;2,00;2142,00;10,00;10610,00;10.0;10640.0;0,00;0,00;60,00;60,00;
160;1060,00;B;29.0;30740.0;1034,00;26,00;3,00;1085,00;1056,00;29,00;2,7462;1070,50;-60,70;86,6481;2,00;2170,00;20,00;21120,00;29.0;30740.0;0,00;0,00;41,00;41,00;
161;1057,00;B;8.0;8456.0;995,00;62,00;6,00;1062,00;1052,00;10,00;0,9506;1057,00;-50,3333;80,2609;2,00;2124,00;8,00;8416,00;8.0;8456.0;0,00;0,00;132,00;62,00;
162;1041,00;B;3.0;3123.0;1042,00;-1,00;0,00;1170,00;1038,00;132,00;12,7168;1104,00;-131,50;-15,1935;3,00;3510,00;2,00;2076,00;3.0;3123.0;0,00;1,00;67,00;67,00;
163;1036,00;B;46.0;47656.0;1035,00;1,00;0,00;1222,00;1033,00;189,00;18,2962;1127,50;-143,6538;16,6481;2,00;2444,00;20,00;20660,00;46.0;47656.0;0,00;0,00;24,00;24,00;
164;1035,00;B;39.0;40365.0;1021,00;14,00;1,00;1063,00;935,00;128,00;13,6898;999,00;-17,8571;137,1071;2,00;2126,00;1,00;935,00;39.0;40365.0;0,00;0,00;31,00;31,00;
165;1032,00;B;14.0;14448.0;1055,00;-23,00;-2,00;1047,00;926,00;121,00;13,067;986,50;-3,50;134,50;4,00;4188,00;1,00;926,00;14.0;14448.0;0,00;0,00;56,00;56,00;
166;1027,00;B;64.0;65728.0;1008,00;19,00;2,00;1082,00;1021,00;61,00;5,9745;1051,50;-70,4091;103,1071;2,00;2164,00;1,00;1021,00;64.0;65728.0;0,00;0,00;6,00;6,00;
167;1026,00;B;12.0;12312.0;970,00;56,00;6,00;1037,00;1016,00;21,00;2,0669;1026,50;-52,8333;79,2917;2,00;2074,00;1,00;1016,00;12.0;12312.0;0,00;0,00;58,00;128,00;
168;1015,00;b;2.0;2030.0;1010,00;5,00;0,00;1015,00;1013,00;2,00;0,1974;1014,00;-66,4348;47,0345;2,00;2030,00;2,00;2026,00;2.0;2030.0;0,00;0,00;68,00;68,00;
169;1015,00;B;25.0;25375.0;1007,00;8,00;1,00;1036,00;1014,00;22,00;2,1696;1025,00;-57,3333;82,1429;2,00;2072,00;25,00;25350,00;25.0;25375.0;0,00;0,00;45,00;45,00;
170;1010,00;B;22.0;22220.0;976,00;34,00;3,00;1180,00;1007,00;173,00;17,1797;1093,50;-126,2778;13,3261;3,00;3540,00;20,00;20140,00;22.0;22220.0;0,00;0,00;48,00;48,00;
171;1004,00;B;4.0;4016.0;1004,00;0,00;0,00;1004,00;884,00;120,00;13,5747;944,00;6,3846;120,9062;4,00;4016,00;2,00;1768,00;4.0;4016.0;0,00;0,00;66,00;66,00;
172;999,00;B;47.0;46953.0;965,00;34,00;4,00;1174,00;996,00;178,00;17,8715;1085,00;-136,60;18,5926;3,00;3522,00;20,00;19920,00;47.0;46953.0;0,00;0,00;23,00;23,00;
173;995,00;B;5.0;4975.0;972,00;23,00;2,00;1133,00;993,00;140,00;14,0987;1063,00;-122,9545;-13,4286;3,00;3399,00;5,00;4965,00;5.0;4975.0;0,00;0,00;65,00;65,00;
174;990,00;B;15.0;14850.0;981,00;9,00;1,00;1138,00;988,00;150,00;15,1822;1063,00;-126,5714;6,28;3,00;3414,00;15,00;14820,00;15.0;14850.0;0,00;0,00;55,00;55,00;
175;984,00;B;29.0;28536.0;966,00;18,00;2,00;1010,00;983,00;27,00;2,7467;996,50;-60,1875;85,5385;2,00;2020,00;29,00;28507,00;29.0;28536.0;0,00;0,00;41,00;41,00;
176;985,00;B;12.0;11820.0;984,00;1,00;0,00;992,00;974,00;18,00;1,848;983,00;-54,8333;79,7826;2,00;1984,00;2,00;1948,00;12.0;11820.0;0,00;0,00;58,00;58,00;
177;984,00;B;39.0;38376.0;985,00;-1,00;0,00;1012,00;889,00;123,00;13,8358;950,50;-17,125;132,7593;2,00;2024,00;1,00;889,00;39.0;38376.0;0,00;0,00;31,00;31,00;
178;980,00;B;45.0;44100.0;1028,00;-48,00;-5,00;1154,00;977,00;177,00;18,1167;1065,50;-131,7143;18,90;1,00;1154,00;20,00;19540,00;45.0;44100.0;0,00;0,00;25,00;25,00;
179;992,00;b;140.0;138880.0;1055,00;-63,00;-6,00;1201,00;973,00;228,00;23,4327;1087,00;-145,00;42,5417;1,00;1201,00;40,00;38920,00;140.0;138880.0;0,00;0,00;-70,00;-70,00;
180;999,00;b;140.0;139860.0;1078,00;-79,00;-7,00;1207,00;991,00;216,00;21,7962;1099,00;-145,50;47,65;1,00;1207,00;80,00;79280,00;140.0;139860.0;0,00;0,00;-70,00;-70,00;
181;1025,00;G;110.0;112750.0;1056,00;-31,00;-3,00;1231,00;998,00;233,00;23,3467;1114,50;-146,9286;41,7174;3,00;3693,00;85,00;84830,00;110.0;112750.0;0,00;0,00;-40,00;30,00;
182;1033,00;B;39.0;40287.0;1048,00;-15,00;-1,00;1068,00;934,00;134,00;14,3469;1001,00;-22,1333;135,5238;2,00;2136,00;3,00;2802,00;39.0;40287.0;0,00;0,00;31,00;31,00;
183;1031,00;B;39.0;40209.0;1031,00;0,00;0,00;1057,00;1025,00;32,00;3,122;1041,00;-60,1333;95,1667;2,00;2114,00;20,00;20500,00;39.0;40209.0;0,00;0,00;31,00;31,00;
184;1032,00;B;35.0;36120.0;1042,00;-10,00;-1,00;1209,00;1023,00;186,00;18,1818;1116,00;-142,0769;16,3846;1,00;1209,00;8,00;8184,00;35.0;36120.0;0,00;0,00;35,00;35,00;
185;1039,00;b;29.0;30131.0;1073,00;-34,00;-3,00;1071,00;1024,00;47,00;4,5898;1047,50;-65,5667;95,50;2,00;2142,00;8,00;8192,00;29.0;30131.0;0,00;0,00;41,00;41,00;
186;1077,00;G;23.0;24771.0;1081,00;-4,00;0,00;1256,00;1038,00;218,00;21,0019;1147,00;-148,8889;29,08;3,00;3768,00;11,00;11418,00;23.0;24771.0;0,00;0,00;47,00;47,00;
187;1104,00;G;5.0;5520.0;1062,00;42,00;4,00;1111,00;1079,00;32,00;2,9657;1095,00;-62,1875;94,1111;2,00;2222,00;1,00;1079,00;5.0;5520.0;0,00;0,00;65,00;65,00;
188;1111,00;G;3.0;3333.0;1093,00;18,00;2,00;1111,00;955,00;156,00;16,3351;1033,00;13,0312;136,1923;3,00;3333,00;1,00;955,00;3.0;3333.0;0,00;0,00;67,00;67,00;
189;1138,00;b;2.0;2276.0;1084,00;54,00;5,00;1138,00;1122,00;16,00;1,426;1130,00;-42,00;86,7143;2,00;2276,00;2,00;2244,00;2.0;2276.0;0,00;0,00;68,00;68,00;
190;1138,00;G;2.0;2276.0;1079,00;59,00;5,00;1138,00;1138,00;0,00;0,00;1138,00;-61,6774;66,5556;2,00;2276,00;2,00;2276,00;2.0;2276.0;0,00;0,00;68,00;68,00;
191;1146,00;G;4.0;4584.0;1130,00;16,00;1,00;1146,00;988,00;158,00;15,9919;1067,00;14,9706;134,2083;4,00;4584,00;2,00;1976,00;4.0;4584.0;0,00;0,00;66,00;66,00;
192;1177,00;b;2.0;2354.0;1067,00;110,00;10,00;1177,00;1157,00;20,00;1,7286;1167,00;-52,5455;93,381;2,00;2354,00;2,00;2314,00;2.0;2354.0;0,00;0,00;68,00;68,00;
193;1177,00;G;46.0;54142.0;1069,00;108,00;10,00;1177,00;1133,00;44,00;3,8835;1155,00;-99,4286;65,6875;46,00;54142,00;2,00;2266,00;46.0;54142.0;0,00;0,00;24,00;24,00;
194;1183,00;G;24.0;28392.0;1063,00;120,00;11,00;1185,00;1152,00;33,00;2,8646;1168,50;-94,8182;66,125;20,00;23700,00;2,00;2304,00;24.0;28392.0;0,00;0,00;46,00;46,00;
195;1191,00;G;44.0;52404.0;1102,00;89,00;8,00;1288,00;1146,00;142,00;12,3909;1217,00;-148,7778;23,20;3,00;3864,00;2,00;2292,00;44.0;52404.0;0,00;0,00;26,00;26,00;
196;1199,00;G;8.0;9592.0;1080,00;119,00;11,00;1326,00;1188,00;138,00;11,6162;1257,00;-122,6364;-1,9091;2,00;2652,00;2,00;2376,00;8.0;9592.0;0,00;0,00;62,00;62,00;
197;1207,00;G;49.0;59143.0;1122,00;85,00;8,00;1207,00;1167,00;40,00;3,4276;1187,00;-105,931;69,5333;49,00;59143,00;2,00;2334,00;49.0;59143.0;0,00;0,00;21,00;21,00;
198;1215,00;G;6.0;7290.0;1062,00;153,00;14,00;1215,00;1205,00;10,00;0,8299;1210,00;-76,9474;61,8462;6,00;7290,00;2,00;2410,00;6.0;7290.0;0,00;0,00;64,00;64,00;
199;1221,00;G;124.0;151404.0;1107,00;114,00;10,00;1223,00;1150,00;73,00;6,3478;1186,50;-122,6379;70,0556;40,00;48920,00;2,00;2300,00;124.0;151404.0;0,00;0,00;-54,00;-54,00;
200;1229,00;G;34.0;41786.0;1089,00;140,00;13,00;1229,00;1192,00;37,00;3,104;1210,50;-103,60;68,9444;34,00;41786,00;2,00;2384,00;34.0;41786.0;0,00;0,00;36,00;36,00;
201;1237,00;G;79.0;97723.0;1096,00;141,00;13,00;1237,00;1175,00;62,00;5,2766;1206,00;-117,5143;72,5455;79,00;97723,00;2,00;2350,00;79.0;97723.0;0,00;0,00;-9,00;-9,00;
202;1245,00;G;64.0;79680.0;1068,00;177,00;17,00;1249,00;1184,00;65,00;5,4899;1216,50;-121,6212;65,8077;2,00;2498,00;2,00;2368,00;64.0;79680.0;0,00;0,00;6,00;6,00;
203;1252,00;G;155.0;194060.0;1096,00;156,00;14,00;1254,00;994,00;260,00;26,1569;1124,00;-58,5172;149,1667;20,00;25080,00;1,00;994,00;155.0;194060.0;0,00;0,00;-85,00;-85,00;
204;1260,00;G;140.0;176400.0;1132,00;128,00;11,00;1261,00;1025,00;236,00;23,0244;1143,00;-44,5294;161,00;25,00;31525,00;1,00;1025,00;140.0;176400.0;0,00;0,00;-70,00;-70,00;
205;1269,00;G;49.0;62181.0;1064,00;205,00;19,00;1272,00;1217,00;55,00;4,5193;1244,50;-116,8333;73,0714;1,00;1272,00;2,00;2434,00;49.0;62181.0;0,00;0,00;21,00;21,00;
206;1271,00;G;434.0;551614.0;1103,00;168,00;15,00;1281,00;1148,00;133,00;11,5854;1214,50;-150,5606;?;3,00;3843,00;2,00;2296,00;434.0;551614.0;0,00;0,00;-364,00;-434,00;
207;1277,00;G;154.0;196658.0;1139,00;138,00;12,00;1283,00;1186,00;97,00;8,1788;1234,50;-134,9375;77,6667;3,00;3849,00;2,00;2372,00;154.0;196658.0;0,00;0,00;-84,00;-84,00;
208;1285,00;G;49.0;62965.0;1095,00;190,00;17,00;1286,00;1227,00;59,00;4,8085;1256,50;-119,9516;70,1667;40,00;51440,00;2,00;2454,00;49.0;62965.0;0,00;0,00;21,00;21,00;
209;1290,00;G;154.0;198660.0;1154,00;136,00;12,00;1294,00;1178,00;116,00;9,8472;1236,00;-144,9032;69,625;20,00;25880,00;2,00;2356,00;154.0;198660.0;0,00;0,00;-84,00;-84,00;
210;1298,00;G;64.0;83072.0;1186,00;112,00;9,00;1299,00;1235,00;64,00;5,1822;1267,00;-116,8276;75,3077;40,00;51960,00;2,00;2470,00;64.0;83072.0;0,00;0,00;6,00;6,00;
211;1306,00;G;34.0;44404.0;1169,00;137,00;12,00;1425,00;1271,00;154,00;12,1164;1348,00;-164,871;17,9333;1,00;1425,00;2,00;2542,00;34.0;44404.0;0,00;0,00;36,00;36,00;
212;1315,00;G;64.0;84160.0;1140,00;175,00;15,00;1319,00;1253,00;66,00;5,2674;1286,00;-120,3571;76,0769;3,00;3957,00;2,00;2506,00;64.0;84160.0;0,00;0,00;6,00;6,00;
213;1323,00;G;157.0;207711.0;1103,00;220,00;20,00;1324,00;1062,00;262,00;24,6704;1193,00;-53,9231;167,7143;105,00;139020,00;3,00;3186,00;157.0;207711.0;0,00;0,00;-87,00;-87,00;
214;1325,00;G;574.0;760550.0;1164,00;161,00;14,00;1336,00;1189,00;147,00;12,3633;1262,50;-158,5588;?;2,00;2672,00;2,00;2378,00;574.0;760550.0;0,00;0,00;-504,00;-574,00;
215;1332,00;G;140.0;186480.0;1136,00;196,00;17,00;1334,00;1079,00;255,00;23,633;1206,50;-47,1296;170,75;25,00;33350,00;1,00;1079,00;140.0;186480.0;0,00;0,00;-70,00;-70,00;
216;1339,00;G;224.0;299936.0;1155,00;184,00;16,00;1364,00;1217,00;147,00;12,0789;1290,50;-158,3889;62,90;2,00;2728,00;2,00;2434,00;224.0;299936.0;0,00;0,00;-154,00;-154,00;
217;1347,00;G;154.0;207438.0;1129,00;218,00;19,00;1349,00;1236,00;113,00;9,1424;1292,50;-138,0938;78,2143;20,00;26980,00;2,00;2472,00;154.0;207438.0;0,00;0,00;-84,00;-84,00;
218;1351,00;G;504.0;680904.0;1110,00;241,00;22,00;1360,00;1214,00;146,00;12,0264;1287,00;-158,6471;76,00;2,00;2720,00;2,00;2428,00;504.0;680904.0;0,00;0,00;-434,00;-434,00;
219;1352,00;G;644.0;870688.0;1128,00;224,00;20,00;1361,00;1178,00;183,00;15,5348;1269,50;-176,2188;94,50;20,00;27220,00;4,00;4712,00;644.0;870688.0;0,00;0,00;-574,00;-643,00;
220;1353,00;G;644.0;871332.0;1105,00;248,00;22,00;1362,00;1199,00;163,00;13,5947;1280,50;-167,6212;84,50;20,00;27240,00;2,00;2398,00;644.0;871332.0;0,00;0,00;-574,00;-641,00;
221;1355,00;G;644.0;872620.0;1065,00;290,00;27,00;1363,00;1170,00;193,00;16,4957;1266,50;-175,9688;?;61,00;83143,00;2,00;2340,00;644.0;872620.0;0,00;0,00;-574,00;-644,00;
222;1356,00;G;644.0;873264.0;1028,00;328,00;32,00;1368,00;1127,00;241,00;21,3842;1247,50;-196,8125;?;2,00;2736,00;2,00;2254,00;644.0;873264.0;0,00;0,00;-574,00;-644,00;
223;1357,00;G;644.0;873908.0;997,00;360,00;36,00;1365,00;1092,00;273,00;25,00;1228,50;-214,5345;140,50;75,00;102375,00;2,00;2184,00;644.0;873908.0;0,00;0,00;-574,00;-642,00;
224;1359,00;G;644.0;875196.0;1025,00;334,00;33,00;1366,00;1063,00;303,00;28,5042;1214,50;-224,7188;?;108,00;147528,00;2,00;2126,00;644.0;875196.0;0,00;0,00;-574,00;-644,00;
225;1360,00;G;644.0;875840.0;1049,00;311,00;30,00;1368,00;1095,00;273,00;24,9315;1231,50;-217,9706;?;101,00;138168,00;4,00;4380,00;644.0;875840.0;0,00;0,00;-574,00;-644,00;
226;1362,00;G;644.0;877128.0;1025,00;337,00;33,00;1373,00;1116,00;257,00;23,0287;1244,50;-212,1786;?;1,00;1373,00;2,00;2232,00;644.0;877128.0;0,00;0,00;-574,00;-644,00;
227;1364,00;G;644.0;878416.0;1069,00;295,00;28,00;1375,00;1093,00;282,00;25,8005;1234,00;-218,3103;?;1,00;1375,00;2,00;2186,00;644.0;878416.0;0,00;0,00;-574,00;-644,00;
228;1366,00;G;645.0;881070.0;1079,00;287,00;27,00;1373,00;984,00;389,00;39,5325;1178,50;-123,0484;?;123,00;168879,00;1,00;984,00;645.0;881070.0;0,00;0,00;-575,00;-645,00;
229;1367,00;G;644.0;880348.0;1030,00;337,00;33,00;1376,00;1148,00;228,00;19,8606;1262,00;-196,4412;?;5,00;6880,00;2,00;2296,00;644.0;880348.0;0,00;0,00;-574,00;-644,00;
230;1368,00;G;644.0;880992.0;995,00;373,00;37,00;1377,00;1095,00;282,00;25,7534;1236,00;-219,3333;?;4,00;5508,00;2,00;2190,00;644.0;880992.0;0,00;0,00;-574,00;-644,00;
231;1369,00;G;644.0;881636.0;1002,00;367,00;37,00;1381,00;1063,00;318,00;29,9153;1222,00;-234,9091;?;3,00;4143,00;2,00;2126,00;644.0;881636.0;0,00;0,00;-574,00;-644,00;
232;1367,00;G;646.0;883082.0;1032,00;335,00;32,00;1379,00;922,00;457,00;49,5662;1150,50;-161,9167;?;20,00;27580,00;2,00;1844,00;646.0;883082.0;0,00;0,00;-576,00;-646,00;
233;1365,00;G;644.0;879060.0;1037,00;328,00;32,00;1377,00;1096,00;281,00;25,6387;1236,50;-218,1207;143,50;20,00;27540,00;2,00;2192,00;644.0;879060.0;0,00;0,00;-574,00;-643,00;
234;1365,00;G;644.0;879060.0;1016,00;349,00;34,00;1374,00;1103,00;271,00;24,5694;1238,50;-214,8333;?;68,00;93432,00;2,00;2206,00;644.0;879060.0;0,00;0,00;-574,00;-644,00;
235;1365,00;G;644.0;879060.0;1062,00;303,00;29,00;1375,00;1081,00;294,00;27,197;1228,00;-222,8485;?;61,00;83875,00;2,00;2162,00;644.0;879060.0;0,00;0,00;-574,00;-644,00;
236;1361,00;G;644.0;876484.0;1065,00;296,00;28,00;1374,00;1130,00;244,00;21,5929;1252,00;-203,125;126,00;41,00;56334,00;2,00;2260,00;644.0;876484.0;0,00;0,00;-574,00;-641,00;
237;1351,00;B;519.0;701169.0;1063,00;288,00;27,00;1371,00;981,00;390,00;39,7554;1176,00;-127,6207;?;1,00;1371,00;3,00;2943,00;519.0;701169.0;0,00;0,00;-449,00;-519,00;
238;1341,00;B;446.0;598086.0;1098,00;243,00;22,00;1360,00;980,00;380,00;38,7755;1170,00;-119,6286;190,00;20,00;27200,00;2,00;1960,00;446.0;598086.0;0,00;0,00;-376,00;-445,00;
239;1331,00;B;331.0;440561.0;1090,00;241,00;22,00;1350,00;1111,00;239,00;21,5122;1230,50;-146,0806;119,50;20,00;27000,00;42,00;46662,00;331.0;440561.0;0,00;0,00;-261,00;-330,00;
240;1321,00;B;262.0;346102.0;1056,00;265,00;25,00;1340,00;1000,00;340,00;34,00;1170,00;-91,8276;?;3,00;4020,00;2,00;2000,00;262.0;346102.0;0,00;0,00;-192,00;-262,00;
241;1307,00;B;155.0;202585.0;1101,00;206,00;19,00;1329,00;1072,00;257,00;23,9739;1200,50;-159,9516;?;20,00;26580,00;14,00;15008,00;155.0;202585.0;0,00;0,00;-85,00;-155,00;
242;1131,00;G;82.0;92742.0;1049,00;82,00;8,00;1316,00;1116,00;200,00;17,9211;1216,00;-144,3462;?;9,00;11844,00;12,00;13392,00;82.0;92742.0;0,00;0,00;-12,00;-82,00;
243;1051,00;G;30.0;31530.0;1085,00;-34,00;-3,00;1142,00;1033,00;109,00;10,5518;1087,50;-95,9444;100,5769;2,00;2284,00;15,00;15495,00;30.0;31530.0;0,00;0,00;40,00;40,00;
244;1039,00;B;157.0;163123.0;1055,00;-16,00;-2,00;1270,00;1009,00;261,00;25,8672;1139,50;-146,7857;51,8462;1,00;1270,00;29,00;29261,00;157.0;163123.0;0,00;0,00;-87,00;-87,00;
245;1010,00;B;157.0;158570.0;1102,00;-92,00;-8,00;1085,00;998,00;87,00;8,7174;1041,50;-75,3333;120,3846;2,00;2170,00;97,00;96806,00;157.0;158570.0;0,00;0,00;-87,00;-87,00;
246;991,00;B;647.0;641177.0;1112,00;-121,00;-11,00;1126,00;971,00;155,00;15,9629;1048,50;?;154,8704;4,00;4504,00;46,00;44666,00;647.0;641177.0;0,00;0,00;-647,00;-577,00;
247;1007,00;B;644.0;648508.0;1104,00;-97,00;-9,00;1143,00;952,00;191,00;20,063;1047,50;?;170,22;2,00;2286,00;58,00;55216,00;644.0;648508.0;0,00;0,00;-644,00;-574,00;
248;1000,00;B;644.0;644000.0;1106,00;-106,00;-10,00;1133,00;968,00;165,00;17,0455;1050,50;?;159,6538;2,00;2266,00;44,00;42592,00;644.0;644000.0;0,00;0,00;-644,00;-574,00;
249;993,00;B;646.0;641478.0;1111,00;-118,00;-11,00;1287,00;960,00;327,00;34,0625;1123,50;?;90,1957;2,00;2574,00;36,00;34560,00;646.0;641478.0;0,00;0,00;-646,00;-576,00;
250;1006,00;B;644.0;647864.0;1163,00;-157,00;-13,00;1142,00;955,00;187,00;19,5812;1048,50;?;173,7083;2,00;2284,00;49,00;46795,00;644.0;647864.0;0,00;0,00;-644,00;-574,00;
251;1050,00;B;647.0;679350.0;1164,00;-114,00;-10,00;1357,00;967,00;390,00;40,3309;1162,00;?;109,5357;3,00;4071,00;20,00;19340,00;647.0;679350.0;0,00;0,00;-647,00;-577,00;
252;1062,00;B;644.0;683928.0;1209,00;-147,00;-12,00;1207,00;1009,00;198,00;19,6234;1108,00;?;190,75;2,00;2414,00;12,00;12108,00;644.0;683928.0;0,00;0,00;-644,00;-574,00;
253;1103,00;B;644.0;710332.0;1199,00;-96,00;-8,00;1254,00;1021,00;233,00;22,8208;1137,50;?;204,3571;2,00;2508,00;17,00;17357,00;644.0;710332.0;0,00;0,00;-644,00;-574,00;
254;1098,00;B;644.0;707112.0;1231,00;-133,00;-11,00;1247,00;1060,00;187,00;17,6415;1153,50;?;178,3519;2,00;2494,00;67,00;71020,00;644.0;707112.0;0,00;0,00;-644,00;-574,00;
255;1127,00;B;644.0;725788.0;1161,00;-34,00;-3,00;1280,00;1054,00;226,00;21,4421;1167,00;?;201,7391;2,00;2560,00;32,00;33728,00;644.0;725788.0;0,00;0,00;-644,00;-574,00;
256;1115,00;B;157.0;175055.0;1153,00;-38,00;-3,00;1208,00;1082,00;126,00;11,6451;1145,00;-71,75;148,44;2,00;2416,00;30,00;32460,00;157.0;175055.0;0,00;0,00;-17,00;-87,00;
257;1086,00;B;436.0;473496.0;1208,00;-122,00;-10,00;1222,00;1071,00;151,00;14,099;1146,50;?;155,4167;2,00;2444,00;16,00;17136,00;436.0;473496.0;0,00;0,00;-436,00;-366,00;
258;1118,00;B;644.0;719992.0;1206,00;-88,00;-7,00;1272,00;1043,00;229,00;21,9559;1157,50;?;200,6429;2,00;2544,00;37,00;38591,00;644.0;719992.0;0,00;0,00;-644,00;-574,00;
259;1118,00;B;646.0;722228.0;1142,00;-24,00;-2,00;1445,00;1075,00;370,00;34,4186;1260,00;?;97,7778;2,00;2890,00;12,00;12900,00;646.0;722228.0;0,00;0,00;-646,00;-576,00;
260;1080,00;G;323.0;348840.0;1216,00;-136,00;-11,00;1205,00;1074,00;131,00;12,1974;1139,50;-73,00;150,5417;2,00;2410,00;29,00;31146,00;323.0;348840.0;0,00;0,00;-253,00;-253,00;
261;1122,00;B;645.0;723690.0;1148,00;-26,00;-2,00;1450,00;1037,00;413,00;39,8264;1243,50;?;127,9231;1,00;1450,00;23,00;23851,00;645.0;723690.0;0,00;0,00;-645,00;-575,00;
262;1088,00;B;294.0;319872.0;1170,00;-82,00;-7,00;1212,00;1078,00;134,00;12,4304;1145,00;-74,50;151,2083;2,00;2424,00;46,00;49588,00;294.0;319872.0;0,00;0,00;-224,00;-224,00;
263;1091,00;B;647.0;705877.0;1192,00;-101,00;-8,00;1410,00;1045,00;365,00;34,9282;1227,50;?;93,0714;3,00;4230,00;23,00;24035,00;647.0;705877.0;0,00;0,00;-647,00;-577,00;
264;1104,00;B;644.0;710976.0;1130,00;-26,00;-2,00;1259,00;1048,00;211,00;20,1336;1153,50;?;187,375;2,00;2518,00;24,00;25152,00;644.0;710976.0;0,00;0,00;-644,00;-574,00;
265;1068,00;B;295.0;315060.0;1160,00;-92,00;-8,00;1192,00;1060,00;132,00;12,4528;1126,00;-72,00;147,00;2,00;2384,00;42,00;44520,00;295.0;315060.0;0,00;0,00;-225,00;-155,00;
266;1081,00;B;645.0;697245.0;1177,00;-96,00;-8,00;1398,00;1027,00;371,00;36,1246;1212,50;?;95,9583;1,00;1398,00;70,00;71890,00;645.0;697245.0;0,00;0,00;-645,00;-575,00;
267;1091,00;B;644.0;702604.0;1221,00;-130,00;-11,00;1241,00;1039,00;202,00;19,4418;1140,00;?;186,9167;2,00;2482,00;31,00;32209,00;644.0;702604.0;0,00;0,00;-644,00;-574,00;
268;1136,00;B;646.0;733856.0;1185,00;-49,00;-4,00;1468,00;1048,00;420,00;40,0763;1258,00;?;120,60;2,00;2936,00;21,00;22008,00;646.0;733856.0;0,00;0,00;-646,00;-576,00;
269;1113,00;B;504.0;560952.0;1158,00;-45,00;-4,00;1247,00;1092,00;155,00;14,1941;1169,50;?;164,5357;2,00;2494,00;15,00;16380,00;504.0;560952.0;0,00;0,00;-504,00;-434,00;
270;1088,00;G;498.0;541824.0;1210,00;-122,00;-10,00;1220,00;1070,00;150,00;14,0187;1145,00;?;161,7692;6,00;7320,00;71,00;75970,00;498.0;541824.0;0,00;0,00;-498,00;-428,00;
271;1124,00;B;644.0;723856.0;1183,00;-59,00;-5,00;1271,00;1047,00;224,00;21,3945;1159,00;?;201,7143;2,00;2542,00;28,00;29316,00;644.0;723856.0;0,00;0,00;-644,00;-574,00;
272;1114,00;G;268.0;298552.0;1241,00;-127,00;-10,00;1248,00;1080,00;168,00;15,5556;1164,00;?;167,25;2,00;2496,00;2,00;2160,00;268.0;298552.0;0,00;0,00;-268,00;-198,00;
273;1212,00;G;142.0;172104.0;1203,00;9,00;1,00;1302,00;1074,00;228,00;21,2291;1188,00;?;203,1667;2,00;2604,00;2,00;2148,00;142.0;172104.0;0,00;0,00;-142,00;-2,00;
274;1250,00;b;29.0;36250.0;1240,00;10,00;1,00;1282,00;1184,00;98,00;8,277;1233,00;-87,50;137,8696;4,00;5128,00;2,00;2368,00;29.0;36250.0;0,00;0,00;41,00;41,00;
275;1250,00;G;7.0;8750.0;1232,00;18,00;1,00;1250,00;1078,00;172,00;15,9555;1164,00;6,5357;148,2917;7,00;8750,00;3,00;3234,00;7.0;8750.0;0,00;0,00;63,00;133,00;
276;1256,00;G;17.0;21352.0;1219,00;37,00;3,00;1258,00;1075,00;183,00;17,0233;1166,50;-21,7609;148,119;3,00;3774,00;3,00;3225,00;17.0;21352.0;0,00;0,00;53,00;53,00;
277;1264,00;G;36.0;45504.0;1276,00;-12,00;-1,00;1268,00;1230,00;38,00;3,0894;1249,00;-101,5417;75,1333;2,00;2536,00;2,00;2460,00;36.0;45504.0;0,00;0,00;34,00;34,00;
278;1284,00;b;2.0;2568.0;1320,00;-36,00;-3,00;1284,00;1242,00;42,00;3,3816;1263,00;-79,8095;90,2593;2,00;2568,00;2,00;2484,00;2.0;2568.0;0,00;0,00;68,00;68,00;
279;1331,00;G;4.0;5324.0;1258,00;73,00;6,00;1331,00;1267,00;64,00;5,0513;1299,00;-90,40;99,1071;4,00;5324,00;2,00;2534,00;4.0;5324.0;0,00;0,00;66,00;66,00;
280;1331,00;G;71.0;94501.0;1235,00;96,00;8,00;1344,00;1268,00;76,00;5,9937;1306,00;-121,4483;82,75;1,00;1344,00;2,00;2536,00;71.0;94501.0;0,00;0,00;-1,00;-1,00;
281;1324,00;B;140.0;185360.0;1235,00;89,00;7,00;1340,00;1073,00;267,00;24,8835;1206,50;-40,3077;172,8333;40,00;53600,00;2,00;2146,00;140.0;185360.0;0,00;0,00;-70,00;-70,00;
282;1321,00;B;120.0;158520.0;1237,00;84,00;7,00;1333,00;1251,00;82,00;6,5548;1292,00;-128,1429;83,375;20,00;26660,00;2,00;2502,00;120.0;158520.0;0,00;0,00;-50,00;-50,00;
283;1324,00;G;2.0;2648.0;1197,00;127,00;11,00;1324,00;1161,00;163,00;14,0396;1242,50;12,8939;166,5909;2,00;2648,00;2,00;2322,00;2.0;2648.0;0,00;0,00;68,00;68,00;
284;1331,00;B;22.0;29282.0;1202,00;129,00;11,00;1337,00;1302,00;35,00;2,6882;1319,50;-106,3966;76,4444;2,00;2674,00;2,00;2604,00;22.0;29282.0;0,00;0,00;48,00;48,00;
285;1334,00;B;20.0;26680.0;1223,00;111,00;9,00;1334,00;1303,00;31,00;2,3791;1318,50;-109,82;73,50;20,00;26680,00;2,00;2606,00;20.0;26680.0;0,00;0,00;50,00;50,00;
286;1342,00;G;13.0;17446.0;1186,00;156,00;13,00;1342,00;1320,00;22,00;1,6667;1331,00;-95,7742;75,8824;13,00;17446,00;1,00;1320,00;13.0;17446.0;0,00;0,00;57,00;57,00;
287;1347,00;G;49.0;66003.0;1253,00;94,00;8,00;1355,00;1286,00;69,00;5,3655;1320,50;-123,6034;75,75;1,00;1355,00;2,00;2572,00;49.0;66003.0;0,00;0,00;21,00;21,00;
288;1363,00;B;3.0;4089.0;1255,00;108,00;9,00;1515,00;1355,00;160,00;11,8081;1435,00;-157,9697;-6,4783;3,00;4545,00;2,00;2710,00;3.0;4089.0;0,00;3,00;67,00;67,00;
289;1364,00;G;7.0;9548.0;1300,00;64,00;5,00;1364,00;1174,00;190,00;16,184;1269,00;14,1034;160,50;7,00;9548,00;3,00;3522,00;7.0;9548.0;0,00;0,00;63,00;133,00;
290;1380,00;b;2.0;2760.0;1279,00;101,00;8,00;1380,00;1220,00;160,00;13,1148;1300,00;16,0882;178,04;2,00;2760,00;2,00;2440,00;2.0;2760.0;0,00;0,00;68,00;68,00;
291;1380,00;T;0.0;0.0;1226,00;154,00;13,00;1380,00;1382,00;-2,00;-0,1447;1381,00;-90,0357;71,0385;0,00;0,00;0,00;0,00;0.0;0.0;0,00;0,00;70,00;70,00;
292;1379,00;G;45.0;62055.0;1272,00;107,00;8,00;1380,00;1155,00;225,00;19,4805;1267,50;-26,6071;172,1667;40,00;55200,00;1,00;1155,00;45.0;62055.0;0,00;0,00;25,00;25,00;
293;1389,00;G;6.0;8334.0;1226,00;163,00;13,00;1389,00;1378,00;11,00;0,7983;1383,50;-94,2879;70,8077;6,00;8334,00;2,00;2756,00;6.0;8334.0;0,00;0,00;64,00;64,00;
294;1397,00;B;60.0;83820.0;1272,00;125,00;10,00;1397,00;1331,00;66,00;4,9587;1364,00;-127,8462;80,1818;60,00;83820,00;2,00;2662,00;60.0;83820.0;0,00;0,00;10,00;10,00;
295;1397,00;G;13.0;18161.0;1210,00;187,00;15,00;1397,00;1190,00;207,00;17,395;1293,50;-13,5714;169,0714;13,00;18161,00;3,00;3570,00;13.0;18161.0;0,00;0,00;57,00;57,00;
296;1397,00;B;120.0;167640.0;1254,00;143,00;11,00;1407,00;1136,00;271,00;23,8556;1271,50;-43,8077;184,2143;20,00;28140,00;2,00;2272,00;120.0;167640.0;0,00;0,00;-50,00;-50,00;
297;1396,00;G;34.0;47464.0;1225,00;171,00;14,00;1399,00;1363,00;36,00;2,6412;1381,00;-116,8148;78,7647;20,00;27980,00;2,00;2726,00;34.0;47464.0;0,00;0,00;36,00;36,00;
298;1400,00;B;83.0;116200.0;1170,00;230,00;20,00;1487,00;1332,00;155,00;11,6366;1409,50;-174,0517;40,80;3,00;4461,00;2,00;2664,00;83.0;116200.0;0,00;0,00;-13,00;-13,00;
299;1389,00;B;142.0;197238.0;1147,00;242,00;21,00;1411,00;1260,00;151,00;11,9841;1335,50;-166,0385;75,50;2,00;2822,00;4,00;5040,00;142.0;197238.0;0,00;0,00;-72,00;-72,00;
300;1375,00;B;142.0;195250.0;1135,00;240,00;21,00;1399,00;1236,00;163,00;13,1877;1317,50;-172,0357;?;20,00;27980,00;2,00;2472,00;142.0;195250.0;0,00;0,00;-72,00;-142,00;
