#Kurszusatz G: Geld, Kauf>Verkauf;  B: Brief, Kauf<Verkauf;  b: bezahlt, Kauf=Verkauf, T: Taxe, Keine Buy/Sell Order
#Differenz        = Kurs - InnererWert
#DifferenzProzent = (Kurs - InnererWert)*100 / InnererWert 
# AVG: Average 
# NPBW_NP: Not Performed Buy Wish at new Price  = BuyWish at NewPrice - PerformedWish
# NPSW_NP: Not Performed Sell Wish at new Price = SellWish at NewPrice - PerformedWish
# NPBW_NP and NPSW_NP will not get minus value. Minial value is 0.
# 
# NPBW_ALL: Not Performed Buy Wish total = Total BuyWish - PerformedWish
# NPSW_ALL: Not Performed Sell Wish total = Total SellWish - PerformedWish 
#Handeltag;Preis;Kurszusatz;Umsatz;TradeVolume;InnererWert;Differ;DifferProzent;HighestBuyLimit;LowestSellLimit;Differ;DifferProzent;Average;AVGDeviation_BuyLimit;AVGDeviation_SellLimit;MengeAtHighestBuyLimit;VolumeAtHighestBuyLimit;MengeAtLowestSellLimit;VolumeAtLowestSellLimit;Umsatz;TradeVolume;NPBW_NEWPRICE;NPSW_NEWPRICE;NPBW_ALL;NPSW_ALL;BuyLimitH1;Volume1;BuyLimitH2;Volume2;BuyLimitH3;Volume3;BuyLimitH4;Volume4;BuyLimitH5;Volume5;VolumeSum;SellLimitL1;Volume1;SellLimitL2;Volume2;SellLimitL3;Volume3;SellLimitL4;Volume4;SellLimitL5;Volume5;VolumeSum;
1;984,00;b;4,00;3936,00;1000,00;-16,00;-2,00;984,00;990,00;-6,00;-0,6061;987,00;-7,40;17,40;4,00;3936,00;0,00;0,00;4,00;3936,00;0,00;0,00;640,00;665,00;984,00;4,00;980,00;4,00;979,00;2,00;978,00;2,00;977,00;2,00;14,00;990,00;9,00;991,00;12,00;1011,00;2,00;1014,00;4,00;1016,00;4,00;31,00;
2;984,00;B;4,00;3936,00;992,00;-8,00;-1,00;985,00;983,00;2,00;0,2035;984,00;-2,00;16,40;2,00;1970,00;4,00;3932,00;4,00;3936,00;0,00;20,00;640,00;664,00;985,00;2,00;984,00;2,00;982,00;4,00;980,00;2,00;979,00;2,00;12,00;983,00;18,00;984,00;4,00;1010,00;2,00;1011,00;2,00;1014,00;2,00;28,00;
3;978,00;B;6,00;5868,00;1001,00;-23,00;-2,00;980,00;976,00;4,00;0,4098;978,00;-1,20;0,40;2,00;1960,00;6,00;5856,00;6,00;5868,00;0,00;9,00;638,00;662,00;980,00;2,00;979,00;2,00;978,00;2,00;975,00;2,00;972,00;2,00;10,00;976,00;3,00;977,00;6,00;978,00;3,00;979,00;3,00;982,00;3,00;18,00;
4;977,00;B;14,00;13678,00;1002,00;-25,00;-2,00;988,00;968,00;20,00;2,0661;978,00;5,80;-4,20;2,00;1976,00;3,00;2904,00;14,00;13678,00;0,00;18,00;633,00;662,00;988,00;2,00;985,00;2,00;983,00;4,00;982,00;2,00;981,00;2,00;12,00;968,00;3,00;973,00;13,00;975,00;8,00;976,00;5,00;977,00;3,00;32,00;
5;982,00;B;14,00;13748,00;994,00;-12,00;-1,00;989,00;967,00;22,00;2,2751;978,00;3,60;-6,20;2,00;1978,00;6,00;5802,00;14,00;13748,00;0,00;21,00;630,00;665,00;989,00;2,00;985,00;8,00;984,00;2,00;982,00;2,00;968,00;5,00;19,00;967,00;3,00;970,00;8,00;971,00;8,00;975,00;8,00;976,00;5,00;32,00;
6;977,00;B;7,00;6839,00;1012,00;-35,00;-3,00;982,00;975,00;7,00;0,7179;978,50;-1,30;4,50;3,00;2946,00;3,00;2925,00;7,00;6839,00;0,00;2,00;641,00;658,00;982,00;2,00;979,00;2,00;977,00;2,00;975,00;2,00;973,00;4,00;12,00;975,00;3,00;977,00;6,00;978,00;9,00;979,00;3,00;1006,00;2,00;23,00;
7;974,00;B;24,00;23376,00;1023,00;-49,00;-5,00;994,00;967,00;27,00;2,7921;980,50;6,90;-10,30;6,00;5964,00;4,00;3868,00;24,00;23376,00;0,00;2,00;620,00;651,00;994,00;6,00;991,00;2,00;990,00;4,00;988,00;2,00;974,00;10,00;24,00;967,00;3,00;969,00;3,00;970,00;6,00;972,00;3,00;973,00;5,00;20,00;
8;986,00;G;31,00;30566,00;1026,00;-40,00;-4,00;1008,00;966,00;42,00;4,3478;987,00;18,40;-16,60;6,00;6048,00;3,00;2898,00;31,00;30566,00;2,00;0,00;617,00;644,00;1008,00;2,00;1007,00;2,00;1006,00;2,00;1004,00;2,00;1002,00;2,00;10,00;966,00;3,00;970,00;5,00;971,00;5,00;972,00;10,00;973,00;8,00;31,00;
9;991,00;B;20,00;19820,00;1013,00;-22,00;-2,00;1012,00;986,00;26,00;2,6369;999,00;9,20;-10,20;3,00;3036,00;4,00;3944,00;20,00;19820,00;0,00;2,00;625,00;646,00;1012,00;2,00;1011,00;2,00;1010,00;2,00;1005,00;2,00;1003,00;4,00;12,00;986,00;3,00;988,00;3,00;989,00;6,00;990,00;6,00;991,00;3,00;21,00;
10;991,00;B;14,00;13874,00;1027,00;-36,00;-4,00;1000,00;984,00;16,00;1,626;992,00;4,20;-5,20;4,00;4000,00;10,00;9840,00;14,00;13874,00;0,00;11,00;630,00;655,00;1000,00;4,00;998,00;2,00;996,00;2,00;995,00;2,00;992,00;2,00;12,00;984,00;6,00;986,00;3,00;987,00;3,00;988,00;3,00;989,00;6,00;21,00;
11;991,00;b;24,00;23784,00;1020,00;-29,00;-3,00;1011,00;983,00;28,00;2,8484;997,00;7,20;-9,60;6,00;6066,00;6,00;5898,00;24,00;23784,00;0,00;0,00;623,00;644,00;1011,00;6,00;1010,00;2,00;1006,00;4,00;1003,00;2,00;991,00;10,00;24,00;983,00;3,00;987,00;3,00;988,00;6,00;989,00;6,00;990,00;3,00;21,00;
12;994,00;B;18,00;17892,00;1013,00;-19,00;-2,00;1005,00;990,00;15,00;1,5152;997,50;3,30;18,90;6,00;6030,00;10,00;9900,00;18,00;17892,00;0,00;1,00;630,00;645,00;1005,00;2,00;1003,00;2,00;1002,00;2,00;1000,00;6,00;994,00;2,00;14,00;990,00;10,00;991,00;9,00;1031,00;2,00;1032,00;4,00;1038,00;2,00;27,00;
13;993,00;b;13,00;12909,00;1030,00;-37,00;-4,00;998,00;987,00;11,00;1,1145;992,50;2,30;-3,30;7,00;6986,00;3,00;2961,00;13,00;12909,00;0,00;0,00;634,00;644,00;998,00;4,00;997,00;2,00;994,00;2,00;993,00;2,00;992,00;2,00;12,00;987,00;3,00;988,00;4,00;989,00;1,00;990,00;1,00;992,00;3,00;12,00;
14;1009,00;G;14,00;14126,00;1015,00;-6,00;-1,00;1017,00;992,00;25,00;2,5202;1004,50;8,30;18,10;5,00;5085,00;10,00;9920,00;14,00;14126,00;1,00;0,00;633,00;644,00;1017,00;2,00;1015,00;2,00;1012,00;2,00;1011,00;4,00;1009,00;2,00;12,00;992,00;9,00;993,00;4,00;1041,00;2,00;1043,00;2,00;1044,00;2,00;19,00;
15;1019,00;B;2,00;2038,00;1013,00;6,00;1,00;1019,00;1010,00;9,00;0,8911;1014,50;-9,90;-0,90;2,00;2038,00;2,00;2020,00;2,00;2038,00;0,00;6,00;645,00;650,00;1019,00;2,00;1008,00;1,00;1000,00;2,00;999,00;2,00;997,00;4,00;11,00;1010,00;1,00;1013,00;1,00;1014,00;1,00;1015,00;2,00;1016,00;1,00;6,00;
16;1022,00;b;2,00;2044,00;1007,00;15,00;1,00;1025,00;1024,00;1,00;0,0977;1024,50;-5,10;2,70;1,00;1025,00;1,00;1024,00;2,00;2044,00;0,00;0,00;650,00;644,00;1025,00;1,00;1022,00;1,00;1019,00;1,00;1017,00;1,00;1014,00;1,00;5,00;1024,00;2,00;1025,00;2,00;1026,00;2,00;1030,00;2,00;1031,00;2,00;10,00;
17;1022,00;G;4,00;4088,00;1024,00;-2,00;0,00;1022,00;1019,00;3,00;0,2944;1020,50;-17,10;2,30;4,00;4088,00;2,00;2038,00;4,00;4088,00;4,00;0,00;650,00;642,00;1022,00;8,00;1021,00;2,00;993,00;2,00;992,00;4,00;989,00;6,00;22,00;1019,00;2,00;1022,00;2,00;1023,00;2,00;1024,00;2,00;1026,00;2,00;10,00;
18;1037,00;b;2,00;2074,00;1035,00;2,00;0,00;1032,00;1037,00;-5,00;-0,4822;1034,50;-6,10;5,50;0,00;0,00;2,00;2074,00;2,00;2074,00;0,00;0,00;652,00;642,00;1032,00;1,00;1029,00;1,00;1028,00;2,00;1027,00;2,00;1026,00;1,00;7,00;1037,00;2,00;1038,00;2,00;1039,00;2,00;1042,00;2,00;1044,00;2,00;10,00;
19;1037,00;G;5,00;5185,00;1014,00;23,00;2,00;1037,00;1037,00;0,00;0,00;1037,00;-12,60;10,00;5,00;5185,00;5,00;5185,00;5,00;5185,00;1,00;0,00;660,00;644,00;1037,00;6,00;1036,00;15,00;1018,00;2,00;1016,00;2,00;1015,00;4,00;29,00;1037,00;5,00;1047,00;2,00;1049,00;2,00;1050,00;4,00;1052,00;2,00;15,00;
20;1037,00;G;14,00;14518,00;1028,00;9,00;1,00;1047,00;1026,00;21,00;2,0468;1036,50;4,30;-5,30;2,00;2094,00;2,00;2052,00;14,00;14518,00;3,00;0,00;653,00;633,00;1047,00;2,00;1043,00;6,00;1042,00;3,00;1037,00;6,00;1035,00;6,00;23,00;1026,00;2,00;1028,00;2,00;1033,00;4,00;1034,00;2,00;1035,00;2,00;12,00;
21;1047,00;B;6,00;6282,00;1037,00;10,00;1,00;1047,00;1039,00;8,00;0,77;1043,00;-2,00;2,00;6,00;6282,00;2,00;2078,00;6,00;6282,00;0,00;6,00;663,00;638,00;1047,00;6,00;1041,00;3,00;1040,00;3,00;1039,00;9,00;1038,00;1,00;22,00;1039,00;2,00;1041,00;2,00;1046,00;2,00;1047,00;6,00;1052,00;2,00;14,00;
22;1053,00;G;6,00;6318,00;1021,00;32,00;3,00;1053,00;1036,00;17,00;1,6409;1044,50;-4,30;4,70;6,00;6318,00;2,00;2072,00;6,00;6318,00;1,00;0,00;660,00;640,00;1053,00;6,00;1043,00;6,00;1041,00;3,00;1039,00;6,00;1025,00;2,00;23,00;1036,00;2,00;1048,00;2,00;1049,00;2,00;1056,00;2,00;1057,00;4,00;12,00;
23;1055,00;B;18,00;18990,00;1018,00;37,00;4,00;1063,00;1031,00;32,00;3,1038;1047,00;12,00;-7,60;1,00;1063,00;2,00;2062,00;18,00;18990,00;0,00;1,00;650,00;627,00;1063,00;1,00;1060,00;5,00;1059,00;3,00;1058,00;3,00;1055,00;6,00;18,00;1031,00;2,00;1039,00;2,00;1040,00;2,00;1043,00;4,00;1044,00;4,00;14,00;
24;1049,00;G;18,00;18882,00;1007,00;42,00;4,00;1057,00;1035,00;22,00;2,1256;1046,00;6,20;-9,00;3,00;3171,00;2,00;2070,00;18,00;18882,00;2,00;0,00;649,00;630,00;1057,00;3,00;1053,00;3,00;1052,00;5,00;1050,00;6,00;1049,00;3,00;20,00;1035,00;2,00;1036,00;2,00;1037,00;4,00;1038,00;2,00;1039,00;2,00;12,00;
25;1050,00;B;21,00;22050,00;1019,00;31,00;3,00;1056,00;1021,00;35,00;3,428;1038,50;15,50;-14,50;3,00;3168,00;4,00;4084,00;21,00;22050,00;0,00;30,00;644,00;627,00;1056,00;3,00;1055,00;6,00;1054,00;3,00;1053,00;3,00;1052,00;3,00;18,00;1021,00;2,00;1023,00;4,00;1024,00;2,00;1025,00;4,00;1027,00;2,00;14,00;
26;1046,00;G;14,00;14644,00;1002,00;44,00;4,00;1054,00;1031,00;23,00;2,2308;1042,50;6,70;-6,30;3,00;3162,00;2,00;2062,00;14,00;14644,00;1,00;0,00;655,00;630,00;1054,00;3,00;1051,00;3,00;1048,00;3,00;1047,00;3,00;1046,00;3,00;15,00;1031,00;2,00;1036,00;2,00;1037,00;4,00;1038,00;2,00;1039,00;2,00;12,00;
27;1048,00;B;26,00;27248,00;1014,00;34,00;3,00;1053,00;1013,00;40,00;3,9487;1033,00;5,60;-14,40;8,00;8424,00;2,00;2026,00;26,00;27248,00;0,00;23,00;644,00;618,00;1053,00;3,00;1052,00;9,00;1050,00;3,00;1048,00;6,00;990,00;2,00;23,00;1013,00;2,00;1017,00;2,00;1020,00;2,00;1021,00;2,00;1022,00;4,00;12,00;
28;1042,00;G;16,00;16672,00;1024,00;18,00;2,00;1050,00;1025,00;25,00;2,439;1037,50;7,10;-6,10;6,00;6300,00;4,00;4100,00;16,00;16672,00;2,00;0,00;652,00;630,00;1050,00;6,00;1046,00;3,00;1045,00;6,00;1042,00;3,00;1040,00;3,00;21,00;1025,00;2,00;1030,00;4,00;1032,00;2,00;1034,00;2,00;1036,00;2,00;12,00;
29;1048,00;B;10,00;10480,00;1010,00;38,00;4,00;1052,00;1037,00;15,00;1,4465;1044,50;3,10;-4,30;4,00;4208,00;2,00;2074,00;10,00;10480,00;0,00;4,00;659,00;634,00;1052,00;2,00;1049,00;3,00;1048,00;3,00;1045,00;3,00;1044,00;3,00;14,00;1037,00;2,00;1039,00;2,00;1040,00;2,00;1042,00;2,00;1043,00;2,00;10,00;
30;1044,00;B;17,00;17748,00;999,00;45,00;5,00;1054,00;1024,00;30,00;2,9297;1039,00;9,20;-12,00;5,00;5270,00;2,00;2048,00;17,00;17748,00;0,00;4,00;650,00;629,00;1054,00;3,00;1050,00;3,00;1047,00;3,00;1046,00;3,00;1044,00;3,00;15,00;1024,00;2,00;1025,00;2,00;1027,00;4,00;1029,00;2,00;1030,00;2,00;12,00;
31;1033,00;B;24,00;24792,00;1011,00;22,00;2,00;1049,00;1012,00;37,00;3,6561;1030,50;12,50;-16,10;3,00;3147,00;4,00;4048,00;24,00;24792,00;0,00;2,00;644,00;622,00;1049,00;3,00;1045,00;3,00;1043,00;6,00;1042,00;3,00;1036,00;6,00;21,00;1012,00;2,00;1013,00;2,00;1014,00;2,00;1015,00;2,00;1018,00;6,00;14,00;
32;1027,00;B;7,00;7189,00;1023,00;4,00;0,00;1035,00;1023,00;12,00;1,173;1029,00;2,60;2,20;1,00;1035,00;5,00;5115,00;7,00;7189,00;0,00;2,00;645,00;640,00;1035,00;1,00;1033,00;1,00;1031,00;1,00;1030,00;2,00;1029,00;1,00;6,00;1023,00;2,00;1027,00;4,00;1030,00;4,00;1033,00;4,00;1043,00;5,00;19,00;
33;1026,00;b;3,00;3078,00;1026,00;0,00;0,00;1028,00;1016,00;12,00;1,1811;1022,00;4,00;12,00;1,00;1028,00;3,00;3048,00;3,00;3078,00;0,00;0,00;650,00;644,00;1028,00;1,00;1027,00;1,00;1026,00;1,00;1025,00;1,00;1024,00;1,00;5,00;1016,00;3,00;1034,00;2,00;1039,00;4,00;1040,00;2,00;1041,00;2,00;13,00;
34;1026,00;G;3,00;3078,00;1018,00;8,00;1,00;1026,00;1026,00;0,00;0,00;1026,00;-8,00;15,00;3,00;3078,00;3,00;3078,00;3,00;3078,00;2,00;0,00;650,00;644,00;1026,00;5,00;1025,00;2,00;1015,00;2,00;1013,00;2,00;1011,00;2,00;13,00;1026,00;2,00;1041,00;2,00;1045,00;4,00;1046,00;4,00;1047,00;2,00;14,00;
35;1029,00;G;2,00;2058,00;1020,00;9,00;1,00;1032,00;1029,00;3,00;0,2915;1030,50;-3,70;4,50;2,00;2064,00;2,00;2058,00;2,00;2058,00;2,00;0,00;653,00;644,00;1032,00;1,00;1029,00;1,00;1027,00;2,00;1026,00;1,00;1020,00;1,00;6,00;1029,00;2,00;1033,00;2,00;1036,00;4,00;1037,00;4,00;1040,00;2,00;14,00;
36;1039,00;B;2,00;2078,00;1015,00;24,00;2,00;1039,00;1034,00;5,00;0,4836;1036,50;-5,70;0,90;2,00;2078,00;2,00;2068,00;2,00;2078,00;0,00;9,00;653,00;643,00;1039,00;2,00;1034,00;1,00;1031,00;3,00;1028,00;1,00;1022,00;1,00;8,00;1034,00;2,00;1036,00;2,00;1038,00;2,00;1039,00;5,00;1040,00;2,00;13,00;
37;1032,00;b;13,00;13416,00;1005,00;27,00;3,00;1043,00;1027,00;16,00;1,5579;1035,00;4,80;-6,00;3,00;3129,00;2,00;2054,00;13,00;13416,00;0,00;0,00;648,00;634,00;1043,00;3,00;1042,00;3,00;1039,00;1,00;1038,00;1,00;1037,00;3,00;11,00;1027,00;2,00;1028,00;3,00;1029,00;2,00;1030,00;2,00;1031,00;2,00;11,00;
38;1031,00;B;9,00;9279,00;1013,00;18,00;2,00;1032,00;1017,00;15,00;1,4749;1024,50;-19,10;-3,90;7,00;7224,00;4,00;4068,00;9,00;9279,00;0,00;7,00;646,00;637,00;1032,00;7,00;1031,00;2,00;989,00;2,00;988,00;4,00;987,00;2,00;17,00;1017,00;2,00;1019,00;2,00;1020,00;4,00;1022,00;2,00;1025,00;2,00;12,00;
39;1025,00;B;7,00;7175,00;1000,00;25,00;3,00;1037,00;1020,00;17,00;1,6667;1028,50;2,90;-3,30;1,00;1037,00;4,00;4080,00;7,00;7175,00;0,00;1,00;646,00;641,00;1037,00;1,00;1036,00;1,00;1030,00;1,00;1028,00;1,00;1026,00;2,00;6,00;1020,00;4,00;1024,00;2,00;1025,00;2,00;1028,00;4,00;1029,00;2,00;14,00;
40;1017,00;B;10,00;10170,00;992,00;25,00;3,00;1031,00;1013,00;18,00;1,7769;1022,00;1,80;-5,00;4,00;4124,00;2,00;2026,00;10,00;10170,00;0,00;1,00;648,00;637,00;1031,00;1,00;1028,00;1,00;1021,00;2,00;1020,00;1,00;1019,00;1,00;6,00;1013,00;2,00;1014,00;7,00;1017,00;2,00;1020,00;2,00;1021,00;2,00;15,00;
41;979,00;G;2,00;1958,00;993,00;-14,00;-1,00;979,00;1006,00;-27,00;-2,6839;992,50;-15,90;19,30;2,00;1958,00;0,00;0,00;2,00;1958,00;2,00;0,00;646,00;654,00;979,00;4,00;978,00;4,00;977,00;2,00;975,00;2,00;974,00;2,00;14,00;1006,00;9,00;1011,00;6,00;1013,00;1,00;1014,00;4,00;1015,00;1,00;21,00;
42;988,00;B;5,00;4940,00;982,00;6,00;1,00;988,00;979,00;9,00;0,9193;983,50;-18,50;-1,10;5,00;4940,00;3,00;2937,00;5,00;4940,00;0,00;22,00;648,00;662,00;988,00;5,00;963,00;2,00;959,00;4,00;958,00;4,00;957,00;2,00;17,00;979,00;3,00;980,00;8,00;983,00;5,00;984,00;6,00;986,00;3,00;25,00;
43;950,00;G;2,00;1900,00;977,00;-27,00;-3,00;950,00;973,00;-23,00;-2,3638;961,50;-14,70;17,30;2,00;1900,00;1,00;973,00;2,00;1900,00;1,00;0,00;647,00;665,00;950,00;2,00;949,00;6,00;948,00;2,00;945,00;4,00;942,00;2,00;16,00;973,00;2,00;978,00;4,00;980,00;2,00;981,00;3,00;982,00;2,00;13,00;
44;959,00;B;2,00;1918,00;991,00;-32,00;-3,00;959,00;951,00;8,00;0,8412;955,00;-8,80;-2,00;2,00;1918,00;2,00;1902,00;2,00;1918,00;0,00;34,00;648,00;679,00;959,00;2,00;946,00;4,00;943,00;2,00;942,00;2,00;941,00;2,00;12,00;951,00;5,00;952,00;5,00;953,00;5,00;954,00;10,00;955,00;5,00;30,00;
45;953,00;G;13,00;12389,00;972,00;-19,00;-2,00;958,00;952,00;6,00;0,6303;955,00;0,60;4,80;4,00;3832,00;8,00;7616,00;13,00;12389,00;1,00;0,00;637,00;670,00;958,00;2,00;957,00;2,00;956,00;4,00;954,00;2,00;953,00;2,00;12,00;952,00;5,00;953,00;5,00;955,00;5,00;957,00;20,00;982,00;1,00;36,00;
46;962,00;B;2,00;1924,00;977,00;-15,00;-2,00;962,00;954,00;8,00;0,8386;958,00;-14,80;-1,60;2,00;1924,00;2,00;1908,00;2,00;1924,00;0,00;37,00;648,00;681,00;962,00;2,00;940,00;4,00;939,00;2,00;938,00;2,00;937,00;2,00;12,00;954,00;5,00;955,00;10,00;956,00;5,00;958,00;5,00;959,00;5,00;30,00;
47;949,00;G;2,00;1898,00;987,00;-38,00;-4,00;952,00;955,00;-3,00;-0,3141;953,50;-8,50;4,10;1,00;952,00;0,00;0,00;2,00;1898,00;1,00;0,00;647,00;681,00;952,00;1,00;949,00;2,00;945,00;2,00;941,00;2,00;938,00;6,00;13,00;955,00;5,00;956,00;10,00;958,00;5,00;959,00;5,00;960,00;10,00;35,00;
48;953,00;B;10,00;9530,00;980,00;-27,00;-3,00;958,00;949,00;9,00;0,9484;953,50;1,30;4,30;2,00;1916,00;8,00;7592,00;10,00;9530,00;0,00;13,00;640,00;674,00;958,00;2,00;956,00;2,00;955,00;4,00;953,00;2,00;952,00;2,00;12,00;949,00;5,00;953,00;15,00;954,00;5,00;955,00;10,00;978,00;2,00;37,00;
49;949,00;B;7,00;6643,00;994,00;-45,00;-5,00;950,00;943,00;7,00;0,7423;946,50;-0,30;0,10;5,00;4750,00;2,00;1886,00;7,00;6643,00;0,00;25,00;644,00;676,00;950,00;2,00;949,00;2,00;945,00;2,00;944,00;2,00;943,00;2,00;10,00;943,00;2,00;946,00;10,00;947,00;5,00;948,00;5,00;949,00;10,00;32,00;
50;950,00;B;21,00;19950,00;1002,00;-52,00;-5,00;965,00;939,00;26,00;2,7689;952,00;8,80;-9,40;5,00;4825,00;1,00;939,00;21,00;19950,00;0,00;15,00;630,00;661,00;965,00;2,00;964,00;2,00;962,00;2,00;957,00;4,00;956,00;4,00;14,00;939,00;1,00;942,00;5,00;943,00;5,00;944,00;10,00;945,00;10,00;31,00;
51;948,00;b;33,00;31284,00;1002,00;-54,00;-5,00;969,00;940,00;29,00;3,0851;954,50;12,50;-10,70;2,00;1938,00;3,00;2820,00;33,00;31284,00;0,00;0,00;618,00;653,00;969,00;2,00;968,00;2,00;967,00;4,00;966,00;2,00;965,00;4,00;14,00;940,00;3,00;943,00;10,00;944,00;5,00;945,00;5,00;947,00;5,00;28,00;
52;948,00;B;25,00;23700,00;1004,00;-56,00;-6,00;970,00;947,00;23,00;2,4287;958,50;6,30;16,70;5,00;4850,00;25,00;23675,00;25,00;23700,00;0,00;10,00;630,00;658,00;970,00;5,00;966,00;6,00;965,00;2,00;962,00;4,00;961,00;2,00;19,00;947,00;25,00;948,00;10,00;992,00;2,00;994,00;2,00;995,00;2,00;41,00;
53;947,00;B;39,00;36933,00;1013,00;-66,00;-7,00;970,00;938,00;32,00;3,4115;954,00;14,00;-12,00;2,00;1940,00;5,00;4690,00;39,00;36933,00;0,00;1,00;615,00;649,00;970,00;2,00;969,00;5,00;968,00;5,00;967,00;2,00;966,00;2,00;16,00;938,00;5,00;941,00;5,00;942,00;5,00;944,00;5,00;945,00;15,00;35,00;
54;955,00;G;36,00;34380,00;998,00;-43,00;-4,00;979,00;937,00;42,00;4,4824;958,00;17,60;-15,80;7,00;6853,00;1,00;937,00;36,00;34380,00;3,00;0,00;619,00;648,00;979,00;7,00;977,00;2,00;975,00;2,00;974,00;2,00;973,00;4,00;17,00;937,00;1,00;942,00;5,00;943,00;5,00;944,00;10,00;945,00;10,00;31,00;
55;961,00;B;14,00;13454,00;997,00;-36,00;-4,00;967,00;958,00;9,00;0,9395;962,50;0,90;-2,50;2,00;1934,00;6,00;5748,00;14,00;13454,00;0,00;17,00;634,00;673,00;967,00;2,00;964,00;2,00;963,00;2,00;962,00;2,00;961,00;6,00;14,00;958,00;5,00;959,00;5,00;960,00;10,00;961,00;10,00;962,00;5,00;35,00;
56;959,00;B;16,00;15344,00;1004,00;-45,00;-4,00;968,00;955,00;13,00;1,3613;961,50;1,30;1,90;4,00;3872,00;5,00;4775,00;16,00;15344,00;0,00;14,00;636,00;667,00;968,00;1,00;964,00;2,00;962,00;4,00;961,00;2,00;959,00;4,00;13,00;955,00;5,00;956,00;10,00;959,00;15,00;960,00;5,00;987,00;2,00;37,00;
57;965,00;B;19,00;18335,00;993,00;-28,00;-3,00;974,00;949,00;25,00;2,6344;961,50;7,50;-6,90;3,00;2922,00;2,00;1898,00;19,00;18335,00;0,00;18,00;631,00;666,00;974,00;2,00;970,00;4,00;969,00;4,00;967,00;4,00;965,00;4,00;18,00;949,00;2,00;953,00;5,00;956,00;5,00;957,00;10,00;958,00;15,00;37,00;
58;958,00;B;3,00;2874,00;1003,00;-45,00;-4,00;962,00;958,00;4,00;0,4175;960,00;-2,40;0,60;1,00;962,00;3,00;2874,00;3,00;2874,00;0,00;6,00;646,00;669,00;962,00;1,00;958,00;2,00;957,00;2,00;956,00;2,00;955,00;6,00;13,00;958,00;6,00;959,00;3,00;961,00;3,00;962,00;3,00;963,00;3,00;18,00;
59;958,00;B;18,00;17244,00;1010,00;-52,00;-5,00;974,00;948,00;26,00;2,7426;961,00;8,80;-8,80;2,00;1948,00;2,00;1896,00;18,00;17244,00;0,00;19,00;633,00;667,00;974,00;2,00;972,00;2,00;970,00;2,00;967,00;2,00;966,00;2,00;10,00;948,00;2,00;950,00;5,00;952,00;10,00;954,00;10,00;957,00;10,00;37,00;
60;957,00;B;22,00;21054,00;1020,00;-63,00;-6,00;974,00;951,00;23,00;2,4185;962,50;9,10;-8,90;7,00;6818,00;5,00;4755,00;22,00;21054,00;0,00;11,00;633,00;659,00;974,00;4,00;973,00;2,00;972,00;2,00;970,00;4,00;969,00;2,00;14,00;951,00;5,00;952,00;5,00;954,00;10,00;955,00;8,00;956,00;5,00;33,00;
61;965,00;G;36,00;34740,00;1030,00;-65,00;-6,00;988,00;947,00;41,00;4,3295;967,50;18,10;-16,70;2,00;1976,00;3,00;2841,00;36,00;34740,00;8,00;0,00;619,00;648,00;988,00;2,00;987,00;2,00;986,00;5,00;985,00;9,00;982,00;2,00;20,00;947,00;1,00;950,00;5,00;951,00;5,00;952,00;5,00;954,00;3,00;19,00;
62;987,00;G;21,00;20727,00;1032,00;-45,00;-4,00;999,00;967,00;32,00;3,3092;983,00;11,40;-13,80;5,00;4995,00;3,00;2901,00;21,00;20727,00;3,00;0,00;640,00;648,00;999,00;5,00;997,00;2,00;993,00;2,00;992,00;4,00;991,00;2,00;15,00;967,00;3,00;968,00;6,00;969,00;3,00;970,00;3,00;972,00;6,00;21,00;
63;1009,00;G;7,00;7063,00;1018,00;-9,00;-1,00;1009,00;987,00;22,00;2,229;998,00;1,20;5,60;7,00;7063,00;2,00;1974,00;7,00;7063,00;1,00;0,00;652,00;648,00;1009,00;5,00;1001,00;2,00;997,00;2,00;995,00;4,00;994,00;4,00;17,00;987,00;2,00;990,00;4,00;992,00;1,00;1023,00;2,00;1026,00;4,00;13,00;
64;1019,00;b;1,00;1019,00;1012,00;7,00;1,00;1019,00;1029,00;-10,00;-0,9718;1024,00;-9,00;8,40;1,00;1019,00;0,00;0,00;1,00;1019,00;0,00;0,00;664,00;650,00;1019,00;1,00;1017,00;2,00;1016,00;1,00;1013,00;2,00;1010,00;1,00;7,00;1029,00;2,00;1031,00;2,00;1033,00;4,00;1034,00;2,00;1035,00;2,00;12,00;
65;1020,00;B;2,00;2040,00;1016,00;4,00;0,00;1019,00;1019,00;0,00;0,00;1019,00;-10,80;3,60;1,00;1019,00;1,00;1019,00;2,00;2040,00;0,00;1,00;668,00;649,00;1019,00;11,00;1018,00;7,00;1012,00;2,00;997,00;2,00;995,00;2,00;24,00;1019,00;1,00;1020,00;2,00;1023,00;2,00;1025,00;2,00;1026,00;2,00;9,00;
66;1027,00;G;3,00;3081,00;1009,00;18,00;2,00;1027,00;1009,00;18,00;1,7839;1018,00;5,40;9,40;3,00;3081,00;3,00;3027,00;3,00;3081,00;3,00;0,00;666,00;650,00;1027,00;5,00;1026,00;3,00;1023,00;1,00;1022,00;2,00;1019,00;2,00;13,00;1009,00;3,00;1029,00;2,00;1032,00;4,00;1033,00;4,00;1034,00;2,00;15,00;
67;1027,00;G;14,00;14378,00;1015,00;12,00;1,00;1031,00;1019,00;12,00;1,1776;1025,00;0,60;-1,00;7,00;7217,00;4,00;4076,00;14,00;14378,00;4,00;0,00;665,00;637,00;1031,00;6,00;1028,00;3,00;1027,00;8,00;1022,00;8,00;1020,00;3,00;28,00;1019,00;4,00;1023,00;2,00;1025,00;2,00;1026,00;4,00;1027,00;2,00;14,00;
68;1033,00;B;11,00;11363,00;1022,00;11,00;1,00;1034,00;1026,00;8,00;0,7797;1030,00;1,60;0,00;8,00;8272,00;4,00;4104,00;11,00;11363,00;0,00;1,00;675,00;641,00;1034,00;5,00;1033,00;3,00;1032,00;5,00;1030,00;6,00;1029,00;8,00;27,00;1026,00;4,00;1029,00;2,00;1030,00;2,00;1032,00;2,00;1033,00;2,00;12,00;
69;1034,00;B;3,00;3102,00;1028,00;6,00;1,00;1034,00;1034,00;0,00;0,00;1034,00;-3,60;4,40;3,00;3102,00;3,00;3102,00;3,00;3102,00;0,00;1,00;681,00;649,00;1034,00;3,00;1031,00;5,00;1030,00;5,00;1029,00;3,00;1028,00;6,00;22,00;1034,00;2,00;1036,00;4,00;1037,00;2,00;1042,00;2,00;1043,00;4,00;14,00;
70;1035,00;b;5,00;5175,00;1029,00;6,00;1,00;1036,00;1023,00;13,00;1,2708;1029,50;4,10;10,30;3,00;3108,00;5,00;5115,00;5,00;5175,00;0,00;0,00;678,00;650,00;1036,00;3,00;1035,00;2,00;1034,00;6,00;1032,00;10,00;1031,00;3,00;24,00;1023,00;3,00;1041,00;2,00;1042,00;2,00;1044,00;6,00;1049,00;2,00;15,00;
71;1041,00;b;4,00;4164,00;1012,00;29,00;3,00;1035,00;1041,00;-6,00;-0,5764;1038,00;-11,20;7,60;0,00;0,00;4,00;4164,00;4,00;4164,00;0,00;0,00;686,00;646,00;1035,00;22,00;1034,00;14,00;1032,00;2,00;1017,00;2,00;1016,00;2,00;42,00;1041,00;4,00;1043,00;4,00;1046,00;4,00;1048,00;2,00;1050,00;2,00;16,00;
72;1041,00;G;18,00;18738,00;1017,00;24,00;2,00;1041,00;1021,00;20,00;1,9589;1031,00;-11,80;-4,20;18,00;18738,00;2,00;2042,00;18,00;18738,00;7,00;0,00;676,00;632,00;1041,00;25,00;1040,00;19,00;1018,00;2,00;1000,00;2,00;997,00;2,00;50,00;1021,00;2,00;1024,00;2,00;1028,00;2,00;1029,00;2,00;1032,00;6,00;14,00;
73;1042,00;G;18,00;18756,00;1022,00;20,00;2,00;1046,00;1025,00;21,00;2,0488;1035,50;6,30;-3,50;8,00;8368,00;2,00;2050,00;18,00;18756,00;14,00;0,00;678,00;635,00;1046,00;6,00;1045,00;6,00;1042,00;18,00;1039,00;3,00;1037,00;5,00;38,00;1025,00;2,00;1031,00;6,00;1032,00;2,00;1035,00;2,00;1037,00;2,00;14,00;
74;1046,00;G;16,00;16736,00;1006,00;40,00;4,00;1048,00;1034,00;14,00;1,354;1041,00;4,80;-2,00;6,00;6288,00;2,00;2068,00;16,00;16736,00;1,00;0,00;681,00;637,00;1048,00;3,00;1047,00;3,00;1046,00;8,00;1045,00;8,00;1043,00;8,00;30,00;1034,00;2,00;1037,00;4,00;1039,00;4,00;1042,00;2,00;1043,00;2,00;14,00;
75;1042,00;B;38,00;39596,00;1022,00;20,00;2,00;1053,00;1017,00;36,00;3,5398;1035,00;14,40;-14,80;9,00;9477,00;2,00;2034,00;38,00;39596,00;0,00;1,00;664,00;621,00;1053,00;6,00;1052,00;3,00;1049,00;3,00;1047,00;10,00;1046,00;5,00;27,00;1017,00;2,00;1018,00;5,00;1021,00;2,00;1022,00;2,00;1023,00;7,00;18,00;
76;1040,00;G;13,00;13520,00;1006,00;34,00;3,00;1049,00;1031,00;18,00;1,7459;1040,00;2,20;-6,60;7,00;7343,00;1,00;1031,00;13,00;13520,00;5,00;0,00;691,00;638,00;1049,00;5,00;1045,00;3,00;1040,00;8,00;1039,00;3,00;1038,00;14,00;33,00;1031,00;1,00;1032,00;2,00;1033,00;2,00;1035,00;2,00;1036,00;2,00;9,00;
77;1041,00;B;28,00;29148,00;998,00;43,00;4,00;1046,00;1018,00;28,00;2,7505;1032,00;10,40;-10,40;10,00;10460,00;7,00;7126,00;28,00;29148,00;0,00;5,00;675,00;625,00;1046,00;5,00;1044,00;9,00;1043,00;4,00;1041,00;5,00;1038,00;5,00;28,00;1018,00;7,00;1019,00;2,00;1022,00;2,00;1024,00;2,00;1025,00;2,00;15,00;
78;1034,00;B;37,00;38258,00;994,00;40,00;4,00;1043,00;1008,00;35,00;3,4722;1025,50;13,10;-13,50;3,00;3129,00;3,00;3024,00;37,00;38258,00;0,00;15,00;665,00;622,00;1043,00;3,00;1039,00;16,00;1038,00;3,00;1037,00;6,00;1036,00;1,00;29,00;1008,00;2,00;1010,00;5,00;1013,00;2,00;1014,00;6,00;1015,00;2,00;17,00;
79;1027,00;G;31,00;31837,00;984,00;43,00;4,00;1041,00;1006,00;35,00;3,4791;1023,50;9,10;-14,90;3,00;3123,00;6,00;6036,00;31,00;31837,00;2,00;0,00;667,00;627,00;1041,00;3,00;1033,00;6,00;1032,00;12,00;1029,00;3,00;1028,00;6,00;30,00;1006,00;5,00;1007,00;2,00;1009,00;2,00;1010,00;2,00;1011,00;2,00;13,00;
80;1023,00;B;27,00;27621,00;986,00;37,00;4,00;1033,00;993,00;40,00;4,0282;1013,00;17,20;-14,80;13,00;13429,00;5,00;4965,00;27,00;27621,00;0,00;34,00;662,00;630,00;1033,00;7,00;1031,00;3,00;1030,00;5,00;1029,00;3,00;1028,00;1,00;19,00;993,00;5,00;998,00;4,00;999,00;2,00;1000,00;6,00;1001,00;2,00;19,00;
81;1017,00;B;17,00;17289,00;981,00;36,00;4,00;1030,00;996,00;34,00;3,4137;1013,00;11,20;-12,80;3,00;3090,00;7,00;6972,00;17,00;17289,00;0,00;9,00;662,00;642,00;1030,00;3,00;1026,00;1,00;1024,00;1,00;1021,00;7,00;1020,00;3,00;15,00;996,00;5,00;999,00;2,00;1001,00;2,00;1002,00;9,00;1003,00;2,00;20,00;
82;1006,00;B;14,00;14084,00;985,00;21,00;2,00;1023,00;992,00;31,00;3,125;1007,50;12,30;-12,70;3,00;3069,00;2,00;1984,00;14,00;14084,00;0,00;7,00;662,00;641,00;1023,00;3,00;1021,00;1,00;1020,00;1,00;1018,00;1,00;1017,00;1,00;7,00;992,00;2,00;993,00;2,00;994,00;2,00;997,00;2,00;998,00;2,00;10,00;
83;999,00;B;7,00;6993,00;999,00;0,00;0,00;1003,00;993,00;10,00;1,007;998,00;-4,60;-0,40;4,00;4012,00;2,00;1986,00;7,00;6993,00;0,00;5,00;662,00;653,00;1003,00;2,00;1001,00;2,00;999,00;1,00;989,00;2,00;975,00;2,00;9,00;993,00;2,00;995,00;3,00;999,00;7,00;1000,00;2,00;1001,00;1,00;15,00;
84;996,00;B;4,00;3984,00;1000,00;-4,00;0,00;1004,00;993,00;11,00;1,1078;998,50;-2,90;-2,70;2,00;2008,00;4,00;3972,00;4,00;3984,00;0,00;7,00;661,00;662,00;1004,00;2,00;998,00;1,00;996,00;1,00;992,00;3,00;988,00;2,00;9,00;993,00;5,00;995,00;1,00;996,00;2,00;997,00;1,00;998,00;1,00;10,00;
85;994,00;B;8,00;7952,00;984,00;10,00;1,00;1005,00;989,00;16,00;1,6178;997,00;-1,60;-5,60;3,00;3015,00;1,00;989,00;8,00;7952,00;0,00;6,00;661,00;659,00;1005,00;2,00;996,00;2,00;995,00;1,00;994,00;2,00;987,00;2,00;9,00;989,00;1,00;990,00;2,00;991,00;9,00;993,00;1,00;994,00;1,00;14,00;
86;984,00;B;1,00;984,00;994,00;-10,00;-1,00;984,00;984,00;0,00;0,00;984,00;-5,80;4,00;1,00;984,00;1,00;984,00;1,00;984,00;0,00;2,00;666,00;674,00;984,00;1,00;982,00;2,00;978,00;2,00;975,00;2,00;972,00;4,00;11,00;984,00;3,00;987,00;4,00;988,00;4,00;989,00;4,00;992,00;1,00;16,00;
87;980,00;B;8,00;7840,00;989,00;-9,00;-1,00;992,00;974,00;18,00;1,848;983,00;1,40;-4,60;2,00;1984,00;3,00;2922,00;8,00;7840,00;0,00;4,00;658,00;671,00;992,00;2,00;989,00;2,00;984,00;2,00;980,00;2,00;977,00;4,00;12,00;974,00;3,00;977,00;4,00;978,00;5,00;981,00;6,00;982,00;3,00;21,00;
88;975,00;B;12,00;11700,00;994,00;-19,00;-2,00;987,00;970,00;17,00;1,7526;978,50;3,10;-5,70;2,00;1974,00;1,00;970,00;12,00;11700,00;0,00;8,00;655,00;675,00;987,00;2,00;985,00;2,00;983,00;2,00;977,00;2,00;976,00;2,00;10,00;970,00;1,00;972,00;1,00;973,00;6,00;974,00;9,00;975,00;3,00;20,00;
89;972,00;B;22,00;21384,00;985,00;-13,00;-1,00;988,00;965,00;23,00;2,3834;976,50;5,30;-7,70;2,00;1976,00;2,00;1930,00;22,00;21384,00;0,00;4,00;644,00;672,00;988,00;2,00;985,00;2,00;983,00;2,00;978,00;4,00;975,00;6,00;16,00;965,00;2,00;968,00;9,00;969,00;3,00;970,00;3,00;972,00;9,00;26,00;
90;968,00;B;10,00;9680,00;991,00;-23,00;-2,00;981,00;962,00;19,00;1,9751;971,50;2,30;-5,90;2,00;1962,00;2,00;1924,00;10,00;9680,00;0,00;9,00;656,00;688,00;981,00;2,00;977,00;2,00;972,00;2,00;971,00;2,00;968,00;2,00;10,00;962,00;1,00;964,00;3,00;966,00;3,00;967,00;11,00;969,00;3,00;21,00;
91;964,00;G;33,00;31812,00;976,00;-12,00;-1,00;988,00;962,00;26,00;2,7027;975,00;2,40;-11,00;12,00;11856,00;16,00;15392,00;33,00;31812,00;1,00;0,00;641,00;665,00;988,00;10,00;977,00;2,00;975,00;2,00;974,00;2,00;973,00;4,00;20,00;962,00;14,00;963,00;3,00;964,00;14,00;965,00;3,00;966,00;3,00;37,00;
92;968,00;B;7,00;6776,00;975,00;-7,00;-1,00;974,00;961,00;13,00;1,3528;967,50;-2,10;-2,50;5,00;4870,00;7,00;6727,00;7,00;6776,00;0,00;27,00;662,00;689,00;974,00;2,00;968,00;2,00;963,00;4,00;962,00;2,00;960,00;2,00;12,00;961,00;5,00;964,00;15,00;965,00;6,00;966,00;6,00;969,00;1,00;33,00;
93;963,00;B;8,00;7704,00;965,00;-2,00;0,00;973,00;961,00;12,00;1,2487;967,00;-2,60;-3,80;2,00;1946,00;3,00;2883,00;8,00;7704,00;0,00;8,00;661,00;686,00;973,00;2,00;969,00;2,00;963,00;4,00;959,00;4,00;958,00;5,00;17,00;961,00;3,00;962,00;6,00;963,00;7,00;964,00;6,00;966,00;8,00;30,00;
94;958,00;B;4,00;3832,00;954,00;4,00;0,00;961,00;953,00;8,00;0,8395;957,00;-2,00;0,00;2,00;1922,00;2,00;1906,00;4,00;3832,00;0,00;12,00;665,00;694,00;961,00;2,00;958,00;2,00;953,00;5,00;952,00;2,00;951,00;2,00;13,00;953,00;2,00;956,00;11,00;957,00;3,00;959,00;6,00;960,00;3,00;25,00;
95;951,00;B;2,00;1902,00;949,00;2,00;0,00;951,00;951,00;0,00;0,00;951,00;-6,00;2,60;2,00;1902,00;2,00;1902,00;2,00;1902,00;0,00;2,00;665,00;697,00;951,00;2,00;948,00;1,00;944,00;2,00;942,00;4,00;940,00;2,00;11,00;951,00;3,00;952,00;5,00;954,00;14,00;955,00;8,00;956,00;5,00;35,00;
96;944,00;B;5,00;4720,00;943,00;1,00;0,00;944,00;943,00;1,00;0,106;943,50;-4,50;1,50;5,00;4720,00;5,00;4715,00;5,00;4720,00;0,00;6,00;664,00;704,00;944,00;2,00;942,00;2,00;938,00;2,00;936,00;2,00;935,00;2,00;10,00;943,00;5,00;944,00;5,00;945,00;8,00;946,00;14,00;947,00;8,00;40,00;
97;937,00;B;6,00;5622,00;938,00;-1,00;0,00;940,00;937,00;3,00;0,3202;938,50;-3,90;0,70;4,00;3760,00;6,00;5622,00;6,00;5622,00;0,00;4,00;663,00;704,00;940,00;2,00;937,00;2,00;934,00;1,00;932,00;2,00;930,00;2,00;9,00;937,00;10,00;938,00;6,00;939,00;15,00;940,00;8,00;942,00;13,00;52,00;
98;933,00;B;5,00;4665,00;952,00;-19,00;-2,00;933,00;929,00;4,00;0,4306;931,00;-5,00;0,00;5,00;4665,00;4,00;3716,00;5,00;4665,00;0,00;34,00;664,00;703,00;933,00;2,00;928,00;2,00;925,00;2,00;923,00;4,00;921,00;2,00;12,00;929,00;3,00;930,00;7,00;931,00;10,00;932,00;13,00;933,00;5,00;38,00;
99;929,00;B;28,00;26012,00;950,00;-21,00;-2,00;949,00;907,00;42,00;4,6307;928,00;12,20;-4,40;4,00;3796,00;1,00;907,00;28,00;26012,00;0,00;1,00;643,00;674,00;949,00;2,00;943,00;2,00;938,00;4,00;936,00;2,00;935,00;4,00;14,00;907,00;1,00;926,00;5,00;927,00;5,00;928,00;18,00;930,00;6,00;35,00;
100;922,00;B;30,00;27660,00;957,00;-35,00;-4,00;944,00;919,00;25,00;2,7203;931,50;8,30;-8,90;2,00;1888,00;4,00;3676,00;30,00;27660,00;0,00;5,00;636,00;691,00;944,00;2,00;943,00;2,00;939,00;2,00;937,00;4,00;936,00;2,00;12,00;919,00;1,00;922,00;31,00;923,00;5,00;924,00;6,00;925,00;5,00;48,00;
101;922,00;G;61,00;56242,00;961,00;-39,00;-4,00;947,00;907,00;40,00;4,4101;927,00;15,40;-13,20;10,00;9470,00;1,00;907,00;61,00;56242,00;2,00;0,00;617,00;662,00;947,00;10,00;943,00;2,00;942,00;9,00;941,00;2,00;939,00;2,00;25,00;907,00;1,00;912,00;2,00;915,00;10,00;917,00;14,00;918,00;8,00;35,00;
102;928,00;G;54,00;50112,00;960,00;-32,00;-3,00;959,00;891,00;68,00;7,6319;925,00;24,80;-11,60;8,00;7672,00;1,00;891,00;54,00;50112,00;2,00;0,00;629,00;662,00;959,00;5,00;952,00;5,00;948,00;2,00;946,00;2,00;944,00;5,00;19,00;891,00;1,00;907,00;1,00;918,00;2,00;925,00;30,00;926,00;5,00;39,00;
103;936,00;B;35,00;32760,00;954,00;-18,00;-2,00;957,00;909,00;48,00;5,2805;933,00;17,20;-11,80;6,00;5742,00;3,00;2727,00;35,00;32760,00;0,00;4,00;638,00;666,00;957,00;5,00;953,00;5,00;948,00;2,00;947,00;2,00;946,00;4,00;18,00;909,00;1,00;910,00;1,00;928,00;5,00;929,00;10,00;930,00;10,00;27,00;
104;933,00;b;26,00;24258,00;961,00;-28,00;-3,00;948,00;905,00;43,00;4,7514;926,50;15,30;-4,50;2,00;1896,00;3,00;2715,00;26,00;24258,00;0,00;0,00;640,00;679,00;948,00;2,00;944,00;2,00;941,00;6,00;939,00;2,00;937,00;2,00;14,00;905,00;1,00;914,00;1,00;926,00;2,00;931,00;20,00;934,00;5,00;29,00;
105;935,00;B;33,00;30855,00;956,00;-21,00;-2,00;955,00;929,00;26,00;2,7987;942,00;7,40;2,60;5,00;4775,00;2,00;1858,00;33,00;30855,00;0,00;6,00;638,00;670,00;955,00;5,00;950,00;4,00;949,00;2,00;947,00;2,00;946,00;2,00;15,00;929,00;1,00;932,00;10,00;933,00;27,00;962,00;2,00;967,00;2,00;42,00;
106;933,00;b;36,00;33588,00;961,00;-28,00;-3,00;952,00;904,00;48,00;5,3097;928,00;18,60;-3,00;8,00;7616,00;1,00;904,00;36,00;33588,00;0,00;0,00;640,00;666,00;952,00;2,00;950,00;2,00;946,00;2,00;943,00;2,00;942,00;2,00;10,00;904,00;1,00;928,00;5,00;929,00;10,00;931,00;15,00;933,00;5,00;36,00;
107;936,00;B;36,00;33696,00;961,00;-25,00;-3,00;956,00;921,00;35,00;3,8002;938,50;12,50;4,10;5,00;4780,00;1,00;921,00;36,00;33696,00;0,00;6,00;640,00;672,00;956,00;5,00;953,00;5,00;950,00;4,00;949,00;2,00;947,00;2,00;18,00;921,00;1,00;932,00;15,00;933,00;26,00;962,00;2,00;965,00;2,00;46,00;
108;938,00;B;29,00;27202,00;971,00;-33,00;-3,00;953,00;926,00;27,00;2,9158;939,50;8,70;-9,90;2,00;1906,00;3,00;2778,00;29,00;27202,00;0,00;15,00;643,00;679,00;953,00;2,00;950,00;2,00;947,00;2,00;946,00;2,00;945,00;2,00;10,00;926,00;3,00;929,00;5,00;930,00;5,00;931,00;5,00;932,00;10,00;28,00;
109;938,00;G;44,00;41272,00;965,00;-27,00;-3,00;965,00;926,00;39,00;4,2117;945,50;12,10;-14,50;10,00;9650,00;3,00;2778,00;44,00;41272,00;3,00;0,00;636,00;664,00;965,00;10,00;958,00;2,00;956,00;2,00;955,00;6,00;954,00;2,00;22,00;926,00;1,00;928,00;1,00;932,00;5,00;934,00;5,00;935,00;5,00;17,00;
110;942,00;B;31,00;29202,00;956,00;-14,00;-1,00;961,00;905,00;56,00;6,1878;933,00;21,60;0,40;5,00;4805,00;1,00;905,00;31,00;29202,00;0,00;6,00;650,00;676,00;961,00;5,00;959,00;5,00;952,00;2,00;951,00;2,00;950,00;4,00;18,00;905,00;1,00;939,00;3,00;940,00;5,00;941,00;18,00;942,00;10,00;37,00;
111;939,00;B;13,00;12207,00;951,00;-12,00;-1,00;953,00;933,00;20,00;2,1436;943,00;4,00;-7,00;2,00;1906,00;4,00;3732,00;13,00;12207,00;0,00;13,00;668,00;687,00;953,00;2,00;951,00;2,00;947,00;2,00;944,00;4,00;940,00;2,00;12,00;933,00;1,00;935,00;3,00;936,00;3,00;937,00;3,00;939,00;13,00;23,00;
112;936,00;B;18,00;16848,00;963,00;-27,00;-3,00;947,00;933,00;14,00;1,5005;940,00;1,00;-4,40;7,00;6629,00;8,00;7464,00;18,00;16848,00;0,00;5,00;670,00;685,00;947,00;4,00;946,00;2,00;939,00;3,00;937,00;2,00;936,00;4,00;15,00;933,00;8,00;934,00;10,00;936,00;5,00;937,00;6,00;938,00;6,00;35,00;
113;938,00;G;40,00;37520,00;966,00;-28,00;-3,00;961,00;921,00;40,00;4,3431;941,00;14,20;-13,20;5,00;4805,00;2,00;1842,00;40,00;37520,00;2,00;0,00;651,00;668,00;961,00;5,00;959,00;5,00;953,00;2,00;952,00;2,00;951,00;2,00;16,00;921,00;1,00;926,00;2,00;929,00;10,00;930,00;10,00;933,00;3,00;26,00;
114;943,00;G;31,00;29233,00;969,00;-26,00;-3,00;959,00;938,00;21,00;2,2388;948,50;5,90;-2,10;5,00;4795,00;15,00;14070,00;31,00;29233,00;3,00;0,00;657,00;678,00;959,00;5,00;956,00;2,00;954,00;2,00;952,00;2,00;951,00;2,00;13,00;938,00;10,00;940,00;3,00;943,00;13,00;944,00;8,00;967,00;2,00;36,00;
115;950,00;G;22,00;20900,00;975,00;-25,00;-3,00;964,00;943,00;21,00;2,2269;953,50;4,50;-8,10;8,00;7712,00;4,00;3772,00;22,00;20900,00;3,00;0,00;675,00;670,00;964,00;5,00;963,00;5,00;956,00;2,00;954,00;2,00;953,00;2,00;16,00;943,00;4,00;944,00;6,00;945,00;3,00;947,00;3,00;948,00;3,00;19,00;
116;956,00;B;23,00;21988,00;960,00;-4,00;0,00;969,00;947,00;22,00;2,3231;958,00;7,80;-6,20;2,00;1938,00;6,00;5682,00;23,00;21988,00;0,00;2,00;672,00;674,00;969,00;2,00;968,00;2,00;966,00;2,00;964,00;2,00;962,00;4,00;12,00;947,00;1,00;950,00;9,00;953,00;3,00;954,00;1,00;955,00;3,00;17,00;
117;952,00;B;8,00;7616,00;960,00;-8,00;-1,00;961,00;949,00;12,00;1,2645;955,00;1,20;-3,60;2,00;1922,00;1,00;949,00;8,00;7616,00;0,00;1,00;700,00;684,00;961,00;1,00;959,00;1,00;956,00;2,00;953,00;1,00;952,00;2,00;7,00;949,00;1,00;950,00;1,00;951,00;1,00;952,00;6,00;955,00;7,00;16,00;
118;946,00;B;18,00;17028,00;969,00;-23,00;-2,00;957,00;942,00;15,00;1,5924;949,50;5,10;-0,10;1,00;957,00;3,00;2826,00;18,00;17028,00;0,00;1,00;693,00;681,00;957,00;1,00;956,00;2,00;955,00;2,00;954,00;2,00;951,00;1,00;8,00;942,00;3,00;945,00;10,00;946,00;6,00;949,00;4,00;965,00;2,00;25,00;
119;949,00;G;26,00;24674,00;971,00;-22,00;-2,00;968,00;936,00;32,00;3,4188;952,00;8,00;-11,20;5,00;4840,00;5,00;4680,00;26,00;24674,00;2,00;0,00;687,00;678,00;968,00;5,00;964,00;2,00;957,00;6,00;956,00;2,00;955,00;4,00;19,00;936,00;2,00;939,00;7,00;942,00;3,00;943,00;3,00;944,00;4,00;19,00;
120;958,00;B;20,00;19160,00;982,00;-24,00;-2,00;968,00;949,00;19,00;2,0021;958,50;5,50;-5,30;5,00;4840,00;6,00;5694,00;20,00;19160,00;0,00;2,00;697,00;680,00;968,00;5,00;966,00;2,00;963,00;2,00;962,00;4,00;961,00;2,00;15,00;949,00;6,00;951,00;4,00;953,00;7,00;955,00;3,00;958,00;2,00;22,00;
121;970,00;G;12,00;11640,00;980,00;-10,00;-1,00;980,00;950,00;30,00;3,1579;965,00;9,80;-12,80;5,00;4900,00;1,00;950,00;12,00;11640,00;1,00;0,00;713,00;680,00;980,00;5,00;976,00;2,00;975,00;2,00;973,00;2,00;970,00;2,00;13,00;950,00;1,00;951,00;1,00;952,00;3,00;953,00;4,00;955,00;3,00;12,00;
122;979,00;b;4,00;3916,00;992,00;-13,00;-1,00;979,00;970,00;9,00;0,9278;974,50;2,50;-0,30;4,00;3916,00;1,00;970,00;4,00;3916,00;0,00;0,00;742,00;680,00;979,00;3,00;978,00;2,00;977,00;6,00;976,00;3,00;975,00;6,00;20,00;970,00;1,00;971,00;1,00;974,00;1,00;975,00;1,00;981,00;2,00;6,00;
123;989,00;G;1,00;989,00;976,00;13,00;1,00;989,00;979,00;10,00;1,0215;984,00;0,40;9,80;1,00;989,00;1,00;979,00;1,00;989,00;1,00;0,00;754,00;680,00;989,00;2,00;986,00;2,00;984,00;2,00;982,00;2,00;981,00;2,00;10,00;979,00;1,00;994,00;2,00;997,00;4,00;999,00;2,00;1000,00;2,00;11,00;
124;994,00;G;25,00;24850,00;977,00;17,00;2,00;998,00;979,00;19,00;1,9408;988,50;6,70;-4,10;2,00;1996,00;3,00;2937,00;25,00;24850,00;3,00;0,00;755,00;656,00;998,00;2,00;996,00;6,00;995,00;10,00;994,00;10,00;993,00;11,00;39,00;979,00;2,00;982,00;4,00;984,00;4,00;987,00;4,00;990,00;4,00;18,00;
125;998,00;G;30,00;29940,00;968,00;30,00;3,00;1003,00;978,00;25,00;2,5562;990,50;9,10;-7,70;4,00;4012,00;2,00;1956,00;30,00;29940,00;6,00;0,00;758,00;650,00;1003,00;4,00;1001,00;5,00;999,00;15,00;998,00;12,00;997,00;14,00;50,00;978,00;2,00;980,00;2,00;983,00;4,00;986,00;2,00;987,00;2,00;12,00;
126;999,00;b;51,00;50949,00;980,00;19,00;2,00;1007,00;968,00;39,00;4,0289;987,50;16,10;-14,70;5,00;5035,00;5,00;4840,00;51,00;50949,00;0,00;0,00;751,00;633,00;1007,00;5,00;1005,00;3,00;1004,00;14,00;1002,00;18,00;1000,00;5,00;45,00;968,00;5,00;969,00;5,00;971,00;3,00;977,00;1,00;979,00;2,00;16,00;
127;999,00;G;20,00;19980,00;983,00;16,00;2,00;999,00;981,00;18,00;1,8349;990,00;-5,80;-0,20;20,00;19980,00;2,00;1962,00;20,00;19980,00;46,00;0,00;788,00;649,00;999,00;66,00;998,00;34,00;977,00;2,00;974,00;2,00;973,00;4,00;108,00;981,00;2,00;985,00;2,00;993,00;2,00;994,00;2,00;996,00;2,00;10,00;
128;1004,00;G;20,00;20080,00;972,00;32,00;3,00;1008,00;986,00;22,00;2,2312;997,00;8,20;-5,80;3,00;3024,00;2,00;1972,00;20,00;20080,00;7,00;0,00;790,00;649,00;1008,00;1,00;1006,00;5,00;1005,00;8,00;1004,00;11,00;1003,00;8,00;33,00;986,00;2,00;988,00;2,00;991,00;2,00;994,00;2,00;997,00;2,00;10,00;
129;1007,00;G;57,00;57399,00;985,00;22,00;2,00;1014,00;974,00;40,00;4,1068;994,00;16,40;-12,80;3,00;3042,00;5,00;4870,00;57,00;57399,00;1,00;0,00;765,00;616,00;1014,00;1,00;1011,00;13,00;1010,00;13,00;1009,00;10,00;1008,00;5,00;42,00;974,00;5,00;975,00;5,00;984,00;4,00;986,00;2,00;987,00;4,00;20,00;
130;1013,00;G;28,00;28364,00;990,00;23,00;2,00;1014,00;989,00;25,00;2,5278;1001,50;10,50;-4,10;14,00;14196,00;4,00;3956,00;28,00;28364,00;7,00;0,00;804,00;638,00;1014,00;11,00;1013,00;21,00;1012,00;8,00;1011,00;15,00;1010,00;17,00;72,00;989,00;4,00;995,00;2,00;1000,00;2,00;1001,00;2,00;1002,00;2,00;12,00;
131;1018,00;G;34,00;34612,00;972,00;46,00;5,00;1023,00;993,00;30,00;3,0211;1008,00;10,60;-8,20;2,00;2046,00;10,00;9930,00;34,00;34612,00;6,00;0,00;805,00;638,00;1023,00;2,00;1019,00;20,00;1018,00;18,00;1017,00;13,00;1016,00;8,00;61,00;993,00;7,00;996,00;2,00;1001,00;2,00;1004,00;2,00;1005,00;2,00;15,00;
132;1019,00;G;82,00;83558,00;984,00;35,00;4,00;1028,00;973,00;55,00;5,6526;1000,50;23,90;-19,50;4,00;4112,00;5,00;4865,00;82,00;83558,00;5,00;0,00;765,00;595,00;1028,00;1,00;1025,00;18,00;1024,00;8,00;1023,00;8,00;1022,00;18,00;53,00;973,00;5,00;974,00;5,00;985,00;2,00;986,00;2,00;987,00;4,00;18,00;
133;1023,00;G;49,00;50127,00;969,00;54,00;6,00;1029,00;991,00;38,00;3,8345;1010,00;15,40;-13,60;5,00;5145,00;5,00;4955,00;49,00;50127,00;6,00;0,00;805,00;619,00;1029,00;3,00;1026,00;9,00;1025,00;8,00;1024,00;18,00;1023,00;15,00;53,00;991,00;5,00;994,00;5,00;995,00;2,00;998,00;4,00;1004,00;4,00;20,00;
134;1024,00;G;80,00;81920,00;962,00;62,00;6,00;1033,00;978,00;55,00;5,6237;1005,50;23,90;-25,30;6,00;6198,00;5,00;4890,00;80,00;81920,00;25,00;0,00;781,00;595,00;1033,00;3,00;1030,00;20,00;1029,00;10,00;1028,00;13,00;1027,00;5,00;51,00;978,00;5,00;979,00;5,00;980,00;2,00;981,00;2,00;983,00;2,00;16,00;
135;1024,00;G;109,00;111616,00;960,00;64,00;7,00;1031,00;966,00;65,00;6,7288;998,50;30,50;-24,10;18,00;18558,00;4,00;3864,00;109,00;111616,00;9,00;0,00;754,00;565,00;1031,00;15,00;1030,00;15,00;1029,00;25,00;1028,00;13,00;1027,00;15,00;83,00;966,00;1,00;972,00;2,00;976,00;2,00;978,00;4,00;980,00;5,00;14,00;
136;1024,00;B;115,00;117760,00;952,00;72,00;8,00;1031,00;969,00;62,00;6,3983;1000,00;29,00;-25,20;19,00;19589,00;2,00;1938,00;115,00;117760,00;0,00;1,00;740,00;551,00;1031,00;15,00;1030,00;3,00;1029,00;10,00;1028,00;5,00;1027,00;20,00;53,00;969,00;2,00;972,00;2,00;976,00;2,00;978,00;7,00;979,00;2,00;15,00;
137;1016,00;B;144,00;146304,00;961,00;55,00;6,00;1031,00;962,00;69,00;7,1726;996,50;32,10;-29,30;10,00;10310,00;5,00;4810,00;144,00;146304,00;0,00;19,00;713,00;524,00;1031,00;10,00;1030,00;5,00;1029,00;10,00;1028,00;11,00;1025,00;4,00;40,00;962,00;2,00;967,00;4,00;968,00;4,00;969,00;2,00;970,00;2,00;14,00;
138;1013,00;G;62,00;62806,00;945,00;68,00;7,00;1023,00;968,00;55,00;5,6818;995,50;25,50;-20,90;3,00;3069,00;8,00;7744,00;62,00;62806,00;6,00;0,00;778,00;595,00;1023,00;1,00;1022,00;5,00;1021,00;5,00;1020,00;8,00;1019,00;8,00;27,00;968,00;5,00;972,00;2,00;974,00;2,00;979,00;2,00;980,00;2,00;13,00;
139;1009,00;B;130,00;131170,00;947,00;62,00;7,00;1020,00;957,00;63,00;6,5831;988,50;29,50;-28,90;17,00;17340,00;15,00;14355,00;130,00;131170,00;0,00;19,00;719,00;540,00;1020,00;11,00;1019,00;14,00;1018,00;26,00;1017,00;9,00;1016,00;17,00;77,00;957,00;15,00;958,00;2,00;960,00;4,00;961,00;2,00;962,00;2,00;25,00;
140;1004,00;G;86,00;86344,00;936,00;68,00;7,00;1013,00;955,00;58,00;6,0733;984,00;26,20;-23,20;11,00;11143,00;8,00;7640,00;86,00;86344,00;3,00;0,00;742,00;583,00;1013,00;8,00;1011,00;5,00;1010,00;11,00;1009,00;6,00;1008,00;12,00;42,00;955,00;8,00;957,00;2,00;961,00;2,00;965,00;2,00;966,00;4,00;18,00;
141;1000,00;B;80,00;80000,00;953,00;47,00;5,00;1011,00;949,00;62,00;6,5332;980,00;29,00;-27,40;3,00;3033,00;4,00;3796,00;80,00;80000,00;0,00;27,00;722,00;584,00;1011,00;3,00;1010,00;18,00;1009,00;10,00;1008,00;4,00;1007,00;6,00;41,00;949,00;2,00;950,00;2,00;951,00;2,00;956,00;4,00;957,00;2,00;12,00;
142;994,00;G;60,00;59640,00;963,00;31,00;3,00;1006,00;963,00;43,00;4,4652;984,50;19,30;-17,50;6,00;6036,00;2,00;1926,00;60,00;59640,00;2,00;0,00;739,00;603,00;1006,00;6,00;1005,00;7,00;1004,00;3,00;1003,00;4,00;1001,00;3,00;23,00;963,00;2,00;965,00;2,00;968,00;2,00;969,00;2,00;970,00;7,00;15,00;
143;997,00;B;28,00;27916,00;948,00;49,00;5,00;1003,00;975,00;28,00;2,8718;989,00;11,20;-12,00;3,00;3009,00;2,00;1950,00;28,00;27916,00;0,00;8,00;763,00;632,00;1003,00;3,00;1001,00;7,00;1000,00;5,00;999,00;5,00;998,00;2,00;22,00;975,00;2,00;976,00;2,00;977,00;2,00;978,00;2,00;979,00;2,00;10,00;
144;989,00;b;64,00;63296,00;937,00;52,00;6,00;1001,00;960,00;41,00;4,2708;980,50;16,70;-17,50;4,00;4004,00;5,00;4800,00;64,00;63296,00;0,00;0,00;728,00;601,00;1001,00;4,00;998,00;6,00;997,00;9,00;996,00;10,00;994,00;1,00;30,00;960,00;2,00;962,00;7,00;963,00;2,00;964,00;2,00;966,00;4,00;17,00;
145;988,00;B;30,00;29640,00;950,00;38,00;4,00;989,00;948,00;41,00;4,3249;968,50;-13,90;-18,50;22,00;21758,00;5,00;4740,00;30,00;29640,00;0,00;39,00;728,00;646,00;989,00;19,00;988,00;8,00;933,00;4,00;932,00;2,00;931,00;4,00;37,00;948,00;5,00;949,00;6,00;950,00;5,00;951,00;2,00;952,00;2,00;20,00;
146;980,00;B;25,00;24500,00;947,00;33,00;3,00;994,00;964,00;30,00;3,112;979,00;12,40;-12,20;4,00;3976,00;5,00;4820,00;25,00;24500,00;0,00;4,00;728,00;654,00;994,00;2,00;993,00;2,00;991,00;1,00;990,00;1,00;989,00;1,00;7,00;964,00;5,00;965,00;5,00;967,00;6,00;968,00;4,00;970,00;2,00;22,00;
147;970,00;B;20,00;19400,00;935,00;35,00;4,00;986,00;957,00;29,00;3,0303;971,50;10,70;-12,10;1,00;986,00;5,00;4785,00;20,00;19400,00;0,00;2,00;728,00;667,00;986,00;1,00;985,00;1,00;983,00;1,00;979,00;3,00;978,00;1,00;7,00;957,00;5,00;958,00;2,00;959,00;2,00;961,00;2,00;962,00;6,00;17,00;
148;960,00;B;5,00;4800,00;931,00;29,00;3,00;960,00;939,00;21,00;2,2364;949,50;-13,90;-2,50;5,00;4800,00;5,00;4695,00;5,00;4800,00;0,00;20,00;732,00;708,00;960,00;2,00;934,00;2,00;931,00;2,00;927,00;14,00;926,00;2,00;22,00;939,00;5,00;947,00;4,00;948,00;1,00;950,00;9,00;951,00;2,00;21,00;
149;960,00;T;0,00;0,00;944,00;16,00;2,00;929,00;934,00;-5,00;-0,5353;931,50;-6,70;10,10;0,00;0,00;0,00;0,00;0,00;0,00;0,00;0,00;732,00;733,00;929,00;2,00;926,00;2,00;924,00;4,00;923,00;4,00;922,00;2,00;14,00;934,00;5,00;941,00;2,00;943,00;1,00;944,00;2,00;946,00;4,00;14,00;
150;960,00;B;1,00;960,00;944,00;16,00;2,00;960,00;946,00;14,00;1,4799;953,00;-10,20;2,00;1,00;960,00;1,00;946,00;1,00;960,00;0,00;75,00;732,00;723,00;960,00;1,00;942,00;2,00;939,00;2,00;937,00;2,00;936,00;8,00;15,00;946,00;2,00;955,00;2,00;957,00;2,00;958,00;3,00;959,00;34,00;43,00;
151;950,00;G;1,00;950,00;942,00;8,00;1,00;950,00;952,00;-2,00;-0,2101;951,00;-10,80;3,00;1,00;950,00;0,00;0,00;1,00;950,00;1,00;0,00;733,00;719,00;950,00;2,00;940,00;2,00;938,00;2,00;937,00;4,00;936,00;6,00;16,00;952,00;1,00;953,00;11,00;954,00;12,00;955,00;8,00;956,00;9,00;41,00;
152;959,00;B;3,00;2877,00;938,00;21,00;2,00;959,00;943,00;16,00;1,6967;951,00;-9,20;-5,40;3,00;2877,00;3,00;2829,00;3,00;2877,00;0,00;116,00;734,00;761,00;959,00;3,00;940,00;2,00;939,00;2,00;936,00;2,00;935,00;6,00;15,00;943,00;3,00;944,00;9,00;945,00;5,00;946,00;3,00;950,00;12,00;32,00;
153;949,00;B;3,00;2847,00;947,00;2,00;0,00;949,00;945,00;4,00;0,4233;947,00;-10,80;2,40;3,00;2847,00;2,00;1890,00;3,00;2847,00;0,00;2,00;736,00;721,00;949,00;3,00;936,00;2,00;934,00;2,00;932,00;2,00;930,00;2,00;11,00;945,00;2,00;949,00;3,00;950,00;4,00;951,00;4,00;952,00;9,00;22,00;
154;939,00;G;5,00;4695,00;945,00;-6,00;-1,00;944,00;943,00;1,00;0,106;943,50;-4,30;1,50;2,00;1888,00;2,00;1886,00;5,00;4695,00;5,00;0,00;731,00;759,00;944,00;2,00;940,00;2,00;939,00;6,00;937,00;4,00;936,00;4,00;18,00;943,00;22,00;944,00;27,00;945,00;6,00;946,00;6,00;947,00;26,00;87,00;
155;937,00;b;12,00;11244,00;940,00;-3,00;0,00;943,00;932,00;11,00;1,1803;937,50;2,10;-2,50;2,00;1886,00;3,00;2796,00;12,00;11244,00;0,00;0,00;724,00;770,00;943,00;2,00;941,00;4,00;939,00;2,00;938,00;2,00;937,00;2,00;12,00;932,00;1,00;933,00;3,00;934,00;3,00;937,00;3,00;939,00;5,00;15,00;
156;937,00;B;3,00;2811,00;942,00;-5,00;-1,00;937,00;936,00;1,00;0,1068;936,50;-2,30;3,50;3,00;2811,00;3,00;2808,00;3,00;2811,00;0,00;116,00;736,00;789,00;937,00;3,00;935,00;4,00;934,00;2,00;933,00;2,00;932,00;4,00;15,00;936,00;67,00;937,00;50,00;941,00;2,00;942,00;2,00;944,00;2,00;123,00;
157;931,00;B;26,00;24206,00;934,00;-3,00;0,00;941,00;927,00;14,00;1,5102;934,00;3,60;-3,40;2,00;1882,00;1,00;927,00;26,00;24206,00;0,00;1,00;711,00;761,00;941,00;2,00;939,00;2,00;937,00;2,00;936,00;2,00;935,00;2,00;10,00;927,00;1,00;930,00;18,00;931,00;8,00;932,00;6,00;933,00;13,00;46,00;
158;926,00;B;20,00;18520,00;945,00;-19,00;-2,00;932,00;921,00;11,00;1,1944;926,50;3,10;-1,90;4,00;3728,00;3,00;2763,00;20,00;18520,00;0,00;32,00;718,00;785,00;932,00;2,00;931,00;2,00;930,00;2,00;928,00;2,00;927,00;6,00;14,00;921,00;3,00;924,00;13,00;925,00;6,00;926,00;30,00;927,00;21,00;73,00;
159;923,00;B;64,00;59072,00;951,00;-28,00;-3,00;940,00;916,00;24,00;2,6201;928,00;9,60;-8,40;2,00;1880,00;1,00;916,00;64,00;59072,00;0,00;19,00;673,00;757,00;940,00;2,00;939,00;6,00;938,00;4,00;936,00;10,00;935,00;4,00;26,00;916,00;1,00;919,00;20,00;920,00;21,00;921,00;15,00;922,00;11,00;68,00;
160;924,00;B;100,00;92400,00;955,00;-31,00;-3,00;945,00;916,00;29,00;3,1659;930,50;12,30;-12,50;5,00;4725,00;28,00;25648,00;100,00;92400,00;0,00;19,00;671,00;740,00;945,00;5,00;944,00;10,00;943,00;30,00;942,00;5,00;940,00;2,00;52,00;916,00;28,00;917,00;15,00;918,00;15,00;919,00;6,00;920,00;15,00;79,00;
161;931,00;B;115,00;107065,00;951,00;-20,00;-2,00;953,00;917,00;36,00;3,9258;935,00;13,80;-16,00;10,00;9530,00;13,00;11921,00;115,00;107065,00;0,00;14,00;670,00;726,00;953,00;10,00;950,00;5,00;948,00;5,00;947,00;15,00;946,00;5,00;40,00;917,00;10,00;918,00;10,00;919,00;20,00;920,00;11,00;921,00;31,00;82,00;
162;930,00;B;63,00;58590,00;950,00;-20,00;-2,00;948,00;924,00;24,00;2,5974;936,00;9,80;-10,00;7,00;6636,00;5,00;4620,00;63,00;58590,00;0,00;21,00;680,00;754,00;948,00;4,00;947,00;2,00;946,00;2,00;945,00;2,00;943,00;6,00;16,00;924,00;5,00;925,00;13,00;926,00;15,00;927,00;6,00;928,00;19,00;58,00;
163;926,00;B;68,00;62968,00;945,00;-19,00;-2,00;945,00;923,00;22,00;2,3835;934,00;7,40;-8,80;4,00;3780,00;16,00;14768,00;68,00;62968,00;0,00;5,00;677,00;744,00;945,00;2,00;942,00;2,00;941,00;4,00;940,00;10,00;939,00;8,00;26,00;923,00;16,00;924,00;23,00;925,00;16,00;926,00;18,00;928,00;7,00;80,00;
164;923,00;B;68,00;62764,00;956,00;-33,00;-3,00;939,00;916,00;23,00;2,5109;927,50;9,10;-7,90;4,00;3756,00;4,00;3664,00;68,00;62764,00;0,00;13,00;672,00;758,00;939,00;4,00;938,00;6,00;937,00;4,00;935,00;2,00;934,00;10,00;26,00;916,00;3,00;919,00;10,00;920,00;18,00;921,00;5,00;922,00;35,00;71,00;
165;933,00;b;110,00;102630,00;968,00;-35,00;-4,00;952,00;913,00;39,00;4,2716;932,50;16,70;-15,90;5,00;4760,00;4,00;3652,00;110,00;102630,00;0,00;0,00;674,00;717,00;952,00;5,00;950,00;5,00;949,00;20,00;948,00;10,00;947,00;10,00;50,00;913,00;3,00;916,00;26,00;917,00;15,00;918,00;18,00;919,00;10,00;72,00;
166;955,00;G;75,00;71625,00;955,00;0,00;0,00;964,00;932,00;32,00;3,4335;948,00;13,20;7,60;15,00;14460,00;40,00;37280,00;75,00;71625,00;12,00;0,00;743,00;717,00;964,00;15,00;962,00;15,00;961,00;5,00;960,00;10,00;959,00;10,00;55,00;932,00;38,00;933,00;35,00;969,00;2,00;970,00;2,00;974,00;2,00;79,00;
167;956,00;B;8,00;7648,00;947,00;9,00;1,00;960,00;950,00;10,00;1,0526;955,00;2,60;-0,40;3,00;2880,00;4,00;3800,00;8,00;7648,00;0,00;4,00;752,00;738,00;960,00;3,00;959,00;1,00;958,00;1,00;956,00;3,00;955,00;3,00;11,00;950,00;2,00;954,00;1,00;955,00;1,00;956,00;6,00;958,00;11,00;21,00;
168;954,00;B;11,00;10494,00;954,00;0,00;0,00;962,00;948,00;14,00;1,4768;955,00;2,60;-4,60;1,00;962,00;4,00;3792,00;11,00;10494,00;0,00;18,00;754,00;728,00;962,00;1,00;960,00;1,00;957,00;3,00;955,00;3,00;954,00;3,00;11,00;948,00;2,00;949,00;3,00;950,00;3,00;952,00;6,00;953,00;6,00;20,00;
169;950,00;G;11,00;10450,00;967,00;-17,00;-2,00;953,00;947,00;6,00;0,6336;950,00;0,20;-0,20;6,00;5718,00;1,00;947,00;11,00;10450,00;1,00;0,00;756,00;732,00;953,00;3,00;951,00;1,00;950,00;5,00;949,00;7,00;948,00;6,00;22,00;947,00;1,00;949,00;4,00;950,00;6,00;951,00;1,00;952,00;1,00;13,00;
170;955,00;G;32,00;30560,00;961,00;-6,00;-1,00;962,00;943,00;19,00;2,0148;952,50;7,50;-4,30;6,00;5772,00;3,00;2829,00;32,00;30560,00;7,00;0,00;730,00;722,00;962,00;2,00;961,00;4,00;960,00;6,00;959,00;2,00;958,00;2,00;16,00;943,00;3,00;945,00;4,00;950,00;5,00;951,00;6,00;952,00;3,00;21,00;
171;956,00;G;10,00;9560,00;970,00;-14,00;-1,00;961,00;948,00;13,00;1,3713;954,50;3,70;0,50;3,00;2883,00;6,00;5688,00;10,00;9560,00;1,00;0,00;753,00;731,00;961,00;3,00;959,00;1,00;958,00;1,00;957,00;1,00;956,00;5,00;11,00;948,00;2,00;955,00;1,00;956,00;3,00;957,00;1,00;959,00;2,00;9,00;
172;963,00;b;17,00;16371,00;972,00;-9,00;-1,00;968,00;954,00;14,00;1,4675;961,00;3,80;-4,20;5,00;4840,00;4,00;3816,00;17,00;16371,00;0,00;0,00;750,00;725,00;968,00;2,00;967,00;2,00;964,00;2,00;963,00;8,00;962,00;3,00;17,00;954,00;1,00;956,00;1,00;957,00;1,00;958,00;2,00;959,00;1,00;6,00;
173;966,00;G;12,00;11592,00;983,00;-17,00;-2,00;970,00;962,00;8,00;0,8316;966,00;1,20;5,60;6,00;5820,00;7,00;6734,00;12,00;11592,00;2,00;0,00;763,00;725,00;970,00;2,00;968,00;2,00;967,00;2,00;966,00;4,00;965,00;2,00;12,00;962,00;7,00;963,00;5,00;976,00;2,00;978,00;6,00;979,00;6,00;26,00;
174;977,00;G;10,00;9770,00;993,00;-16,00;-2,00;981,00;966,00;15,00;1,5528;973,50;4,30;-4,70;5,00;4905,00;3,00;2898,00;10,00;9770,00;1,00;0,00;776,00;731,00;981,00;2,00;980,00;4,00;977,00;2,00;976,00;6,00;975,00;2,00;16,00;966,00;3,00;967,00;1,00;969,00;1,00;970,00;2,00;972,00;2,00;9,00;
175;991,00;b;2,00;1982,00;1003,00;-12,00;-1,00;991,00;986,00;5,00;0,5071;988,50;-0,70;7,10;2,00;1982,00;2,00;1972,00;2,00;1982,00;0,00;0,00;798,00;730,00;991,00;2,00;990,00;2,00;987,00;4,00;986,00;7,00;985,00;6,00;21,00;986,00;2,00;996,00;2,00;997,00;2,00;999,00;1,00;1000,00;2,00;9,00;
176;998,00;G;2,00;1996,00;1000,00;-2,00;0,00;998,00;991,00;7,00;0,7064;994,50;0,90;11,10;2,00;1996,00;2,00;1982,00;2,00;1996,00;6,00;0,00;822,00;730,00;998,00;8,00;997,00;2,00;995,00;2,00;994,00;2,00;993,00;6,00;20,00;991,00;2,00;1005,00;2,00;1009,00;4,00;1010,00;3,00;1013,00;8,00;19,00;
177;1004,00;b;7,00;7028,00;985,00;19,00;2,00;1007,00;1001,00;6,00;0,5994;1004,00;-0,60;0,60;1,00;1007,00;5,00;5005,00;7,00;7028,00;0,00;0,00;839,00;724,00;1007,00;1,00;1004,00;6,00;1003,00;12,00;1002,00;10,00;1001,00;16,00;45,00;1001,00;4,00;1004,00;2,00;1005,00;2,00;1006,00;4,00;1007,00;2,00;14,00;
178;1003,00;G;64,00;64192,00;987,00;16,00;2,00;1004,00;987,00;17,00;1,7224;995,50;-5,70;-5,30;44,00;44176,00;1,00;987,00;64,00;64192,00;20,00;0,00;788,00;666,00;1004,00;43,00;1003,00;40,00;984,00;2,00;980,00;2,00;978,00;2,00;89,00;987,00;1,00;989,00;2,00;990,00;2,00;991,00;6,00;994,00;2,00;13,00;
179;1003,00;G;41,00;41123,00;984,00;19,00;2,00;1010,00;987,00;23,00;2,3303;998,50;8,30;-5,90;4,00;4040,00;4,00;3948,00;41,00;41123,00;7,00;0,00;804,00;690,00;1010,00;3,00;1008,00;8,00;1007,00;5,00;1005,00;14,00;1004,00;6,00;36,00;987,00;2,00;991,00;2,00;994,00;6,00;995,00;2,00;996,00;2,00;14,00;
180;1004,00;B;45,00;45180,00;979,00;25,00;3,00;1013,00;989,00;24,00;2,4267;1001,00;8,00;-10,00;3,00;3039,00;4,00;3956,00;45,00;45180,00;0,00;5,00;802,00;683,00;1013,00;2,00;1010,00;3,00;1009,00;9,00;1007,00;8,00;1006,00;8,00;30,00;989,00;4,00;990,00;2,00;991,00;4,00;992,00;2,00;993,00;2,00;14,00;
181;997,00;G;62,00;61814,00;983,00;14,00;1,00;1008,00;981,00;27,00;2,7523;994,50;11,50;-9,50;9,00;9072,00;7,00;6867,00;62,00;61814,00;12,00;0,00;787,00;674,00;1008,00;6,00;1007,00;5,00;1006,00;6,00;1005,00;5,00;1004,00;8,00;30,00;981,00;5,00;983,00;5,00;985,00;2,00;987,00;2,00;989,00;4,00;18,00;
182;998,00;G;37,00;36926,00;977,00;21,00;2,00;1003,00;983,00;20,00;2,0346;993,00;8,00;-5,20;3,00;3009,00;5,00;4915,00;37,00;36926,00;10,00;0,00;800,00;695,00;1003,00;3,00;1002,00;3,00;1001,00;3,00;1000,00;17,00;999,00;6,00;32,00;983,00;2,00;987,00;2,00;988,00;2,00;990,00;4,00;991,00;2,00;12,00;
183;998,00;B;54,00;53892,00;981,00;17,00;2,00;1007,00;982,00;25,00;2,5458;994,50;8,90;-10,50;5,00;5035,00;2,00;1964,00;54,00;53892,00;0,00;6,00;788,00;674,00;1007,00;2,00;1004,00;6,00;1003,00;8,00;1002,00;8,00;1001,00;17,00;41,00;982,00;2,00;983,00;2,00;984,00;2,00;985,00;2,00;986,00;4,00;12,00;
184;995,00;G;30,00;29850,00;983,00;12,00;1,00;1004,00;987,00;17,00;1,7224;995,50;5,30;-5,70;4,00;4016,00;2,00;1974,00;30,00;29850,00;5,00;0,00;811,00;698,00;1004,00;3,00;1003,00;3,00;1001,00;3,00;999,00;6,00;997,00;5,00;20,00;987,00;2,00;989,00;2,00;990,00;6,00;991,00;6,00;992,00;10,00;26,00;
185;997,00;G;26,00;25922,00;971,00;26,00;3,00;1004,00;985,00;19,00;1,9289;994,50;6,10;-5,50;4,00;4016,00;4,00;3940,00;26,00;25922,00;1,00;0,00;795,00;702,00;1004,00;1,00;1002,00;3,00;1000,00;5,00;999,00;1,00;998,00;8,00;18,00;985,00;4,00;986,00;2,00;989,00;2,00;992,00;2,00;993,00;2,00;12,00;
186;990,00;B;56,00;55440,00;986,00;4,00;0,00;1006,00;973,00;33,00;3,3916;989,50;12,90;-12,10;4,00;4024,00;5,00;4865,00;56,00;55440,00;0,00;4,00;774,00;676,00;1006,00;1,00;1003,00;2,00;1002,00;6,00;1001,00;3,00;1000,00;6,00;18,00;973,00;5,00;975,00;5,00;978,00;2,00;980,00;4,00;981,00;4,00;20,00;
187;990,00;b;4,00;3960,00;969,00;21,00;2,00;997,00;980,00;17,00;1,7347;988,50;4,90;1,10;1,00;997,00;2,00;1960,00;4,00;3960,00;0,00;0,00;809,00;717,00;997,00;1,00;996,00;1,00;995,00;1,00;990,00;1,00;989,00;7,00;11,00;980,00;2,00;987,00;2,00;992,00;2,00;994,00;2,00;995,00;4,00;12,00;
188;989,00;B;36,00;35604,00;974,00;15,00;2,00;990,00;969,00;21,00;2,1672;979,50;-5,50;-4,50;14,00;13860,00;6,00;5814,00;36,00;35604,00;0,00;15,00;780,00;691,00;990,00;14,00;989,00;22,00;966,00;2,00;963,00;2,00;962,00;2,00;42,00;969,00;5,00;974,00;2,00;976,00;2,00;977,00;2,00;979,00;4,00;15,00;
189;985,00;b;19,00;18715,00;985,00;0,00;0,00;993,00;975,00;18,00;1,8462;984,00;3,80;-4,00;2,00;1986,00;2,00;1950,00;19,00;18715,00;0,00;0,00;794,00;700,00;993,00;1,00;988,00;8,00;987,00;1,00;986,00;2,00;985,00;6,00;18,00;975,00;2,00;979,00;2,00;981,00;5,00;982,00;2,00;983,00;4,00;15,00;
190;985,00;G;7,00;6895,00;977,00;8,00;1,00;985,00;984,00;1,00;0,1016;984,50;-2,10;3,30;7,00;6895,00;5,00;4920,00;7,00;6895,00;4,00;0,00;794,00;714,00;985,00;11,00;984,00;16,00;982,00;2,00;981,00;4,00;980,00;2,00;35,00;984,00;2,00;985,00;2,00;988,00;2,00;989,00;2,00;993,00;4,00;12,00;
191;989,00;b;19,00;18791,00;972,00;17,00;2,00;992,00;978,00;14,00;1,4315;985,00;5,00;-3,00;6,00;5952,00;3,00;2934,00;19,00;18791,00;0,00;0,00;782,00;699,00;992,00;3,00;991,00;3,00;990,00;6,00;989,00;4,00;988,00;3,00;19,00;978,00;1,00;981,00;2,00;982,00;2,00;984,00;4,00;985,00;2,00;11,00;
192;988,00;G;37,00;36556,00;985,00;3,00;0,00;989,00;973,00;16,00;1,6444;981,00;-4,80;-3,20;18,00;17802,00;2,00;1946,00;37,00;36556,00;1,00;0,00;773,00;679,00;989,00;15,00;988,00;20,00;969,00;2,00;968,00;4,00;967,00;2,00;43,00;973,00;2,00;976,00;2,00;979,00;2,00;980,00;2,00;981,00;2,00;10,00;
193;992,00;G;12,00;11904,00;996,00;-4,00;0,00;994,00;985,00;9,00;0,9137;989,50;2,50;-0,70;6,00;5964,00;2,00;1970,00;12,00;11904,00;2,00;0,00;796,00;704,00;994,00;6,00;993,00;2,00;992,00;6,00;991,00;8,00;990,00;4,00;26,00;985,00;2,00;988,00;1,00;989,00;1,00;990,00;3,00;992,00;5,00;12,00;
194;999,00;B;3,00;2997,00;981,00;18,00;2,00;999,00;992,00;7,00;0,7056;995,50;1,50;2,10;3,00;2997,00;1,00;992,00;3,00;2997,00;0,00;1,00;813,00;713,00;999,00;3,00;998,00;2,00;997,00;3,00;996,00;2,00;995,00;5,00;15,00;992,00;1,00;993,00;1,00;999,00;2,00;1001,00;5,00;1003,00;2,00;11,00;
195;998,00;G;28,00;27944,00;989,00;9,00;1,00;1006,00;987,00;19,00;1,925;996,50;6,90;-7,10;9,00;9054,00;6,00;5922,00;28,00;27944,00;3,00;0,00;811,00;683,00;1006,00;6,00;1005,00;3,00;1003,00;3,00;1002,00;3,00;1001,00;3,00;18,00;987,00;4,00;988,00;2,00;989,00;2,00;990,00;2,00;993,00;2,00;12,00;
196;1003,00;B;19,00;19057,00;995,00;8,00;1,00;1005,00;992,00;13,00;1,3105;998,50;4,50;-3,10;3,00;3015,00;5,00;4960,00;19,00;19057,00;0,00;6,00;815,00;689,00;1005,00;1,00;1004,00;6,00;1003,00;10,00;1002,00;3,00;1001,00;1,00;21,00;992,00;2,00;993,00;2,00;996,00;2,00;997,00;2,00;999,00;6,00;14,00;
197;1005,00;G;11,00;11055,00;1007,00;-2,00;0,00;1009,00;992,00;17,00;1,7137;1000,50;5,70;-0,50;3,00;3027,00;3,00;2976,00;11,00;11055,00;4,00;0,00;822,00;699,00;1009,00;3,00;1007,00;1,00;1006,00;2,00;1005,00;9,00;1004,00;3,00;18,00;992,00;1,00;999,00;2,00;1000,00;2,00;1004,00;2,00;1005,00;2,00;9,00;
198;1011,00;G;5,00;5055,00;1011,00;0,00;0,00;1012,00;1010,00;2,00;0,198;1011,00;-1,00;3,40;3,00;3036,00;5,00;5050,00;5,00;5055,00;6,00;0,00;828,00;706,00;1012,00;3,00;1011,00;8,00;1010,00;9,00;1009,00;12,00;1008,00;1,00;33,00;1010,00;2,00;1014,00;2,00;1015,00;3,00;1016,00;2,00;1017,00;2,00;11,00;
199;1018,00;G;4,00;4072,00;1017,00;1,00;0,00;1018,00;1011,00;7,00;0,6924;1014,50;1,10;6,10;4,00;4072,00;4,00;4044,00;4,00;4072,00;1,00;0,00;847,00;704,00;1018,00;5,00;1017,00;12,00;1016,00;12,00;1014,00;7,00;1013,00;6,00;42,00;1011,00;4,00;1021,00;7,00;1022,00;3,00;1024,00;2,00;1025,00;4,00;20,00;
200;1025,00;G;7,00;7175,00;1008,00;17,00;2,00;1025,00;1024,00;1,00;0,0977;1024,50;-1,50;1,90;7,00;7175,00;3,00;3072,00;7,00;7175,00;14,00;0,00;870,00;698,00;1025,00;18,00;1024,00;16,00;1023,00;8,00;1022,00;14,00;1021,00;5,00;61,00;1024,00;3,00;1025,00;4,00;1026,00;2,00;1028,00;3,00;1029,00;5,00;17,00;
201;1030,00;G;31,00;31930,00;1013,00;17,00;2,00;1032,00;1011,00;21,00;2,0772;1021,50;8,50;-4,50;3,00;3096,00;4,00;4044,00;31,00;31930,00;7,00;0,00;851,00;677,00;1032,00;3,00;1031,00;20,00;1030,00;15,00;1029,00;8,00;1028,00;26,00;72,00;1011,00;2,00;1016,00;4,00;1018,00;2,00;1019,00;4,00;1021,00;4,00;16,00;
202;1036,00;B;28,00;29008,00;1008,00;28,00;3,00;1040,00;1015,00;25,00;2,4631;1027,50;8,90;-4,10;5,00;5200,00;2,00;2030,00;28,00;29008,00;0,00;5,00;861,00;671,00;1040,00;5,00;1037,00;20,00;1036,00;3,00;1035,00;10,00;1034,00;5,00;43,00;1015,00;2,00;1018,00;2,00;1027,00;2,00;1028,00;3,00;1029,00;6,00;15,00;
203;1035,00;G;45,00;46575,00;1001,00;34,00;3,00;1043,00;1010,00;33,00;3,2673;1026,50;12,70;-8,10;8,00;8344,00;6,00;6060,00;45,00;46575,00;2,00;0,00;843,00;656,00;1043,00;8,00;1041,00;5,00;1039,00;3,00;1037,00;5,00;1036,00;10,00;31,00;1010,00;5,00;1017,00;4,00;1018,00;2,00;1023,00;2,00;1024,00;3,00;16,00;
204;1037,00;B;83,00;86071,00;1008,00;29,00;3,00;1045,00;1003,00;42,00;4,1874;1024,00;17,40;-14,20;1,00;1045,00;4,00;4012,00;83,00;86071,00;0,00;1,00;799,00;621,00;1045,00;1,00;1042,00;5,00;1041,00;10,00;1040,00;15,00;1039,00;5,00;36,00;1003,00;3,00;1009,00;10,00;1010,00;2,00;1012,00;2,00;1015,00;2,00;19,00;
205;1036,00;G;29,00;30044,00;1015,00;21,00;2,00;1043,00;1021,00;22,00;2,1548;1032,00;7,20;-8,60;1,00;1043,00;4,00;4084,00;29,00;30044,00;3,00;0,00;855,00;656,00;1043,00;1,00;1040,00;10,00;1039,00;10,00;1038,00;3,00;1036,00;8,00;32,00;1021,00;4,00;1022,00;2,00;1023,00;2,00;1025,00;3,00;1026,00;2,00;13,00;
206;1040,00;G;29,00;30160,00;1021,00;19,00;2,00;1046,00;1020,00;26,00;2,549;1033,00;9,40;-5,40;3,00;3138,00;3,00;3060,00;29,00;30160,00;21,00;0,00;853,00;654,00;1046,00;3,00;1043,00;6,00;1042,00;5,00;1041,00;13,00;1040,00;23,00;50,00;1020,00;2,00;1026,00;2,00;1028,00;6,00;1031,00;2,00;1033,00;8,00;20,00;
207;1045,00;b;22,00;22990,00;1031,00;14,00;1,00;1050,00;1032,00;18,00;1,7442;1041,00;4,40;-3,20;5,00;5250,00;8,00;8256,00;22,00;22990,00;0,00;0,00;864,00;660,00;1050,00;3,00;1047,00;6,00;1045,00;11,00;1043,00;23,00;1042,00;6,00;49,00;1032,00;8,00;1036,00;2,00;1038,00;2,00;1040,00;4,00;1043,00;6,00;22,00;
208;1045,00;G;7,00;7315,00;1030,00;15,00;1,00;1045,00;1037,00;8,00;0,7715;1041,00;-8,80;2,80;7,00;7315,00;2,00;2074,00;7,00;7315,00;40,00;0,00;874,00;676,00;1045,00;47,00;1044,00;68,00;1025,00;2,00;1024,00;6,00;1023,00;2,00;125,00;1037,00;2,00;1043,00;2,00;1045,00;3,00;1046,00;4,00;1048,00;6,00;17,00;
209;1052,00;G;20,00;21040,00;1015,00;37,00;4,00;1052,00;1041,00;11,00;1,0567;1046,50;3,30;-3,50;20,00;21040,00;2,00;2082,00;20,00;21040,00;6,00;0,00;860,00;662,00;1052,00;24,00;1051,00;8,00;1050,00;21,00;1049,00;3,00;1047,00;23,00;79,00;1041,00;2,00;1042,00;2,00;1043,00;2,00;1044,00;2,00;1045,00;2,00;10,00;
210;1056,00;B;76,00;80256,00;1029,00;27,00;3,00;1058,00;1029,00;29,00;2,8183;1043,50;12,50;-11,50;5,00;5290,00;11,00;11319,00;76,00;80256,00;0,00;9,00;921,00;616,00;1058,00;5,00;1057,00;20,00;1056,00;51,00;1055,00;53,00;1054,00;18,00;147,00;1029,00;10,00;1030,00;5,00;1032,00;4,00;1034,00;4,00;1035,00;4,00;27,00;
211;1062,00;b;31,00;32922,00;1028,00;34,00;3,00;1062,00;1038,00;24,00;2,3121;1050,00;9,20;-6,80;31,00;32922,00;4,00;4152,00;31,00;32922,00;0,00;0,00;1021,00;644,00;1062,00;30,00;1060,00;5,00;1059,00;20,00;1058,00;5,00;1057,00;5,00;65,00;1038,00;4,00;1042,00;2,00;1043,00;2,00;1046,00;4,00;1047,00;2,00;14,00;
212;1062,00;G;30,00;31860,00;1021,00;41,00;4,00;1062,00;1034,00;28,00;2,7079;1048,00;-9,60;-7,20;30,00;31860,00;5,00;5170,00;30,00;31860,00;156,00;0,00;1040,00;650,00;1062,00;186,00;1061,00;122,00;1026,00;2,00;1022,00;2,00;1021,00;2,00;314,00;1034,00;5,00;1040,00;2,00;1042,00;4,00;1043,00;2,00;1045,00;2,00;15,00;
213;1065,00;G;76,00;80940,00;1030,00;35,00;3,00;1072,00;1034,00;38,00;3,675;1053,00;14,60;-15,80;3,00;3216,00;8,00;8272,00;76,00;80940,00;58,00;0,00;993,00;597,00;1072,00;3,00;1068,00;5,00;1067,00;53,00;1066,00;3,00;1065,00;70,00;134,00;1034,00;5,00;1035,00;2,00;1038,00;2,00;1039,00;2,00;1040,00;2,00;13,00;
214;1070,00;G;61,00;65270,00;1016,00;54,00;5,00;1075,00;1042,00;33,00;3,167;1058,50;12,90;-12,50;4,00;4300,00;4,00;4168,00;61,00;65270,00;17,00;0,00;1023,00;605,00;1075,00;4,00;1072,00;50,00;1071,00;1,00;1070,00;23,00;1069,00;23,00;101,00;1042,00;4,00;1045,00;2,00;1046,00;4,00;1048,00;2,00;1049,00;2,00;14,00;
215;1074,00;G;74,00;79476,00;1029,00;45,00;4,00;1077,00;1030,00;47,00;4,5631;1053,50;20,90;-19,90;20,00;21540,00;5,00;5150,00;74,00;79476,00;6,00;0,00;1025,00;597,00;1077,00;20,00;1076,00;30,00;1074,00;30,00;1073,00;26,00;1072,00;59,00;165,00;1030,00;4,00;1032,00;2,00;1033,00;5,00;1036,00;2,00;1037,00;4,00;17,00;
216;1080,00;G;70,00;75600,00;1018,00;62,00;6,00;1081,00;1041,00;40,00;3,8425;1061,00;17,40;-17,00;51,00;55131,00;2,00;2082,00;70,00;75600,00;29,00;0,00;1049,00;595,00;1081,00;46,00;1080,00;48,00;1078,00;68,00;1077,00;25,00;1076,00;48,00;235,00;1041,00;2,00;1042,00;2,00;1043,00;2,00;1046,00;4,00;1048,00;2,00;12,00;
217;1085,00;G;106,00;115010,00;1029,00;56,00;5,00;1087,00;1030,00;57,00;5,534;1058,50;26,50;-22,30;46,00;50002,00;2,00;2060,00;106,00;115010,00;8,00;0,00;1029,00;567,00;1087,00;46,00;1086,00;45,00;1085,00;23,00;1084,00;3,00;1083,00;26,00;143,00;1030,00;2,00;1031,00;2,00;1037,00;6,00;1041,00;2,00;1042,00;2,00;14,00;
218;1090,00;G;88,00;95920,00;1041,00;49,00;5,00;1095,00;1039,00;56,00;5,3898;1067,00;24,40;-21,00;2,00;2190,00;4,00;4156,00;88,00;95920,00;34,00;0,00;1088,00;580,00;1095,00;2,00;1092,00;60,00;1091,00;15,00;1090,00;45,00;1089,00;110,00;232,00;1039,00;2,00;1043,00;2,00;1046,00;2,00;1049,00;11,00;1053,00;2,00;19,00;
219;1097,00;G;66,00;72402,00;1049,00;48,00;5,00;1098,00;1051,00;47,00;4,4719;1074,50;21,50;-16,50;20,00;21960,00;2,00;2102,00;66,00;72402,00;14,00;0,00;1171,00;598,00;1098,00;20,00;1097,00;60,00;1096,00;43,00;1095,00;56,00;1094,00;30,00;209,00;1051,00;2,00;1057,00;2,00;1059,00;2,00;1061,00;2,00;1062,00;4,00;12,00;
220;1103,00;G;66,00;72798,00;1044,00;59,00;6,00;1105,00;1065,00;40,00;3,7559;1085,00;18,00;-17,60;5,00;5525,00;2,00;2130,00;66,00;72798,00;17,00;0,00;1210,00;598,00;1105,00;3,00;1104,00;30,00;1103,00;48,00;1102,00;66,00;1101,00;8,00;155,00;1065,00;2,00;1066,00;2,00;1067,00;4,00;1068,00;2,00;1071,00;5,00;15,00;
221;1109,00;G;80,00;88720,00;1029,00;80,00;8,00;1111,00;1056,00;55,00;5,2083;1083,50;25,50;-24,30;21,00;23331,00;2,00;2112,00;80,00;88720,00;28,00;0,00;1225,00;583,00;1111,00;20,00;1110,00;31,00;1109,00;56,00;1108,00;80,00;1107,00;60,00;247,00;1056,00;2,00;1058,00;2,00;1059,00;2,00;1061,00;2,00;1062,00;2,00;10,00;
222;1112,00;G;180,00;200160,00;1037,00;75,00;7,00;1120,00;1040,00;80,00;7,6923;1080,00;35,60;-34,20;2,00;2240,00;2,00;2080,00;180,00;200160,00;34,00;0,00;1162,00;492,00;1120,00;2,00;1116,00;8,00;1115,00;60,00;1114,00;43,00;1113,00;60,00;173,00;1040,00;2,00;1042,00;4,00;1045,00;4,00;1046,00;2,00;1056,00;2,00;14,00;
223;1117,00;G;174,00;194358,00;1050,00;67,00;6,00;1123,00;1049,00;74,00;7,0543;1086,00;33,40;-32,00;1,00;1123,00;2,00;2098,00;174,00;194358,00;20,00;0,00;1198,00;492,00;1123,00;1,00;1120,00;25,00;1119,00;20,00;1118,00;100,00;1117,00;48,00;194,00;1049,00;2,00;1052,00;4,00;1053,00;2,00;1054,00;2,00;1062,00;4,00;14,00;
224;1124,00;G;135,00;151740,00;1032,00;92,00;9,00;1125,00;1061,00;64,00;6,032;1093,00;30,00;-26,40;46,00;51750,00;2,00;2122,00;135,00;151740,00;1,00;0,00;1239,00;523,00;1125,00;43,00;1124,00;90,00;1123,00;48,00;1122,00;83,00;1121,00;80,00;344,00;1061,00;2,00;1065,00;2,00;1066,00;2,00;1070,00;2,00;1071,00;2,00;10,00;
225;1128,00;G;173,00;195144,00;1036,00;92,00;9,00;1132,00;1045,00;87,00;8,3254;1088,50;41,50;-39,50;81,00;91692,00;5,00;5225,00;173,00;195144,00;67,00;0,00;1199,00;490,00;1132,00;80,00;1131,00;28,00;1130,00;5,00;1129,00;40,00;1128,00;86,00;239,00;1045,00;2,00;1047,00;4,00;1050,00;2,00;1051,00;4,00;1052,00;2,00;14,00;
226;1133,00;G;169,00;191477,00;1023,00;110,00;11,00;1139,00;1053,00;86,00;8,1671;1096,00;39,00;-33,40;1,00;1139,00;6,00;6318,00;169,00;191477,00;50,00;0,00;1203,00;491,00;1139,00;1,00;1136,00;80,00;1135,00;75,00;1133,00;63,00;1132,00;63,00;282,00;1053,00;6,00;1056,00;2,00;1059,00;6,00;1071,00;15,00;1074,00;15,00;44,00;
227;1138,00;G;224,00;254912,00;1024,00;114,00;11,00;1144,00;1036,00;108,00;10,4247;1090,00;50,40;-52,00;2,00;2288,00;2,00;2072,00;224,00;254912,00;17,00;0,00;1152,00;420,00;1144,00;2,00;1141,00;3,00;1140,00;140,00;1139,00;31,00;1138,00;65,00;241,00;1036,00;2,00;1037,00;2,00;1038,00;2,00;1039,00;2,00;1040,00;2,00;10,00;
228;1140,00;G;366,00;417240,00;1038,00;102,00;10,00;1146,00;1035,00;111,00;10,7246;1090,50;53,50;-51,70;23,00;26358,00;4,00;4140,00;366,00;417240,00;17,00;0,00;1044,00;280,00;1146,00;23,00;1145,00;23,00;1144,00;20,00;1143,00;88,00;1142,00;60,00;214,00;1035,00;2,00;1037,00;2,00;1039,00;4,00;1040,00;2,00;1043,00;2,00;12,00;
229;1146,00;G;154,00;176484,00;1037,00;109,00;11,00;1148,00;1050,00;98,00;9,3333;1099,00;47,00;-44,80;44,00;50512,00;2,00;2100,00;154,00;176484,00;21,00;0,00;1280,00;490,00;1148,00;40,00;1147,00;20,00;1146,00;111,00;1145,00;40,00;1144,00;28,00;239,00;1050,00;2,00;1053,00;2,00;1054,00;2,00;1056,00;2,00;1058,00;2,00;10,00;
230;1151,00;G;157,00;180707,00;1023,00;128,00;13,00;1154,00;1051,00;103,00;9,8002;1102,50;49,50;-48,70;27,00;31158,00;5,00;5255,00;157,00;180707,00;16,00;0,00;1313,00;490,00;1154,00;25,00;1153,00;23,00;1152,00;103,00;1151,00;20,00;1150,00;49,00;220,00;1051,00;2,00;1052,00;2,00;1054,00;2,00;1055,00;2,00;1057,00;4,00;12,00;
231;1149,00;G;574,00;659526,00;1022,00;127,00;12,00;1162,00;1036,00;126,00;12,1622;1099,00;59,40;-60,60;4,00;4648,00;2,00;2072,00;574,00;659526,00;21,00;0,00;916,00;70,00;1162,00;4,00;1159,00;80,00;1158,00;94,00;1157,00;23,00;1156,00;68,00;269,00;1036,00;2,00;1037,00;2,00;1038,00;2,00;1040,00;2,00;1041,00;4,00;12,00;
232;1148,00;B;625,00;717500,00;1037,00;111,00;11,00;1157,00;1034,00;123,00;11,8956;1095,50;59,50;-56,10;90,00;104130,00;4,00;4136,00;625,00;717500,00;0,00;21,00;879,00;21,00;1157,00;88,00;1156,00;65,00;1155,00;26,00;1154,00;120,00;1153,00;8,00;307,00;1034,00;2,00;1038,00;2,00;1039,00;4,00;1041,00;4,00;1045,00;2,00;14,00;
233;1153,00;B;168,00;193704,00;1020,00;133,00;13,00;1156,00;1047,00;109,00;10,4107;1101,50;51,70;-46,30;20,00;23120,00;2,00;2094,00;168,00;193704,00;0,00;58,00;1313,00;478,00;1156,00;20,00;1155,00;60,00;1154,00;45,00;1153,00;43,00;1148,00;20,00;188,00;1047,00;2,00;1051,00;4,00;1056,00;4,00;1058,00;2,00;1064,00;2,00;14,00;
234;1146,00;G;577,00;661242,00;1033,00;113,00;11,00;1158,00;1032,00;126,00;12,2093;1095,00;59,80;-58,00;6,00;6948,00;2,00;2064,00;577,00;661242,00;13,00;0,00;929,00;70,00;1158,00;3,00;1157,00;60,00;1154,00;20,00;1153,00;23,00;1152,00;80,00;186,00;1032,00;2,00;1034,00;4,00;1036,00;2,00;1040,00;2,00;1043,00;2,00;12,00;
235;1151,00;G;224,00;257824,00;1041,00;110,00;11,00;1154,00;1045,00;109,00;10,4306;1099,50;52,50;-48,10;72,00;83088,00;2,00;2090,00;224,00;257824,00;55,00;0,00;1212,00;420,00;1154,00;69,00;1153,00;77,00;1152,00;70,00;1151,00;60,00;1150,00;173,00;449,00;1045,00;2,00;1050,00;4,00;1052,00;4,00;1054,00;2,00;1056,00;2,00;14,00;
236;1156,00;G;154,00;178024,00;1033,00;123,00;12,00;1162,00;1055,00;107,00;10,1422;1108,50;49,90;-50,70;1,00;1162,00;2,00;2110,00;154,00;178024,00;48,00;0,00;1272,00;493,00;1162,00;1,00;1159,00;3,00;1158,00;8,00;1157,00;121,00;1156,00;69,00;202,00;1055,00;2,00;1056,00;2,00;1058,00;2,00;1059,00;6,00;1061,00;2,00;14,00;
237;1158,00;B;461,00;533838,00;1024,00;134,00;13,00;1167,00;1046,00;121,00;11,5679;1106,50;56,90;-56,90;2,00;2334,00;5,00;5230,00;461,00;533838,00;0,00;46,00;983,00;186,00;1167,00;2,00;1164,00;80,00;1163,00;63,00;1162,00;74,00;1161,00;40,00;259,00;1046,00;2,00;1047,00;2,00;1048,00;2,00;1053,00;2,00;1054,00;2,00;10,00;
238;1151,00;G;646,00;743546,00;1043,00;108,00;10,00;1166,00;1038,00;128,00;12,3314;1102,00;62,00;-60,60;22,00;25652,00;4,00;4152,00;646,00;743546,00;1,00;0,00;818,00;0,00;1166,00;20,00;1165,00;20,00;1164,00;40,00;1163,00;6,00;1162,00;23,00;109,00;1038,00;2,00;1040,00;2,00;1041,00;4,00;1043,00;4,00;1045,00;2,00;14,00;
239;1157,00;G;156,00;180492,00;1049,00;108,00;10,00;1159,00;1055,00;104,00;9,8578;1107,00;50,00;-47,20;61,00;70699,00;4,00;4220,00;156,00;180492,00;73,00;0,00;1195,00;491,00;1159,00;61,00;1158,00;65,00;1157,00;103,00;1156,00;20,00;1155,00;52,00;301,00;1055,00;2,00;1059,00;2,00;1060,00;2,00;1061,00;2,00;1064,00;2,00;10,00;
240;1160,00;G;156,00;180960,00;1053,00;107,00;10,00;1165,00;1061,00;104,00;9,8021;1113,00;48,80;-49,60;32,00;37280,00;4,00;4244,00;156,00;180960,00;49,00;0,00;1217,00;490,00;1165,00;30,00;1164,00;61,00;1161,00;50,00;1160,00;62,00;1159,00;109,00;312,00;1061,00;2,00;1062,00;2,00;1063,00;2,00;1065,00;2,00;1066,00;2,00;10,00;
241;1166,00;G;154,00;179564,00;1041,00;125,00;12,00;1171,00;1066,00;105,00;9,8499;1118,50;48,90;-47,50;5,00;5855,00;2,00;2132,00;154,00;179564,00;113,00;0,00;1221,00;490,00;1171,00;2,00;1168,00;1,00;1167,00;101,00;1166,00;160,00;1165,00;63,00;327,00;1066,00;2,00;1069,00;2,00;1071,00;4,00;1074,00;2,00;1075,00;2,00;12,00;
242;1163,00;G;504,00;586152,00;1032,00;131,00;13,00;1174,00;1053,00;121,00;11,491;1113,50;58,50;-58,10;22,00;25828,00;2,00;2106,00;504,00;586152,00;31,00;0,00;914,00;141,00;1174,00;21,00;1173,00;46,00;1172,00;46,00;1171,00;40,00;1170,00;34,00;187,00;1053,00;2,00;1054,00;2,00;1055,00;2,00;1056,00;2,00;1059,00;2,00;10,00;
243;1159,00;B;532,00;616588,00;1026,00;133,00;13,00;1174,00;1046,00;128,00;12,2371;1110,00;60,40;-58,00;2,00;2348,00;4,00;4184,00;532,00;616588,00;0,00;44,00;778,00;114,00;1174,00;2,00;1171,00;30,00;1170,00;26,00;1169,00;89,00;1168,00;88,00;235,00;1046,00;2,00;1051,00;2,00;1052,00;4,00;1055,00;2,00;1056,00;4,00;14,00;
244;1150,00;B;491,00;564650,00;1035,00;115,00;11,00;1167,00;1038,00;129,00;12,4277;1102,50;62,50;-60,50;2,00;2334,00;2,00;2076,00;491,00;564650,00;0,00;83,00;709,00;153,00;1167,00;1,00;1166,00;5,00;1165,00;20,00;1164,00;10,00;1163,00;26,00;62,00;1038,00;2,00;1041,00;2,00;1042,00;2,00;1044,00;2,00;1045,00;4,00;12,00;
245;1148,00;G;159,00;182532,00;1022,00;126,00;12,00;1158,00;1053,00;105,00;9,9715;1105,50;50,50;-42,50;5,00;5790,00;6,00;6318,00;159,00;182532,00;16,00;0,00;897,00;493,00;1158,00;5,00;1157,00;11,00;1156,00;25,00;1155,00;1,00;1154,00;5,00;47,00;1053,00;6,00;1054,00;6,00;1059,00;2,00;1074,00;25,00;1075,00;5,00;44,00;
246;1139,00;B;293,00;333727,00;1021,00;118,00;12,00;1159,00;1036,00;123,00;11,8726;1097,50;57,90;-58,50;3,00;3477,00;7,00;7252,00;293,00;333727,00;0,00;144,00;704,00;362,00;1159,00;3,00;1156,00;16,00;1155,00;14,00;1154,00;10,00;1153,00;31,00;74,00;1036,00;4,00;1037,00;4,00;1038,00;2,00;1039,00;2,00;1045,00;2,00;14,00;
247;1127,00;B;150,00;169050,00;1027,00;100,00;10,00;1145,00;1036,00;109,00;10,5212;1090,50;50,90;-50,70;5,00;5725,00;8,00;8288,00;150,00;169050,00;0,00;21,00;706,00;527,00;1145,00;5,00;1142,00;3,00;1141,00;8,00;1140,00;5,00;1139,00;1,00;22,00;1036,00;6,00;1037,00;2,00;1038,00;2,00;1043,00;2,00;1045,00;15,00;27,00;
248;1115,00;B;105,00;117075,00;1033,00;82,00;8,00;1135,00;1039,00;96,00;9,2397;1087,00;44,80;-41,20;3,00;3405,00;2,00;2078,00;105,00;117075,00;0,00;66,00;706,00;596,00;1135,00;3,00;1134,00;8,00;1131,00;1,00;1130,00;5,00;1129,00;1,00;18,00;1039,00;2,00;1045,00;4,00;1046,00;6,00;1049,00;15,00;1050,00;2,00;29,00;
249;1106,00;B;65,00;71890,00;1045,00;61,00;6,00;1121,00;1042,00;79,00;7,5816;1081,50;37,10;-35,30;10,00;11210,00;15,00;15630,00;65,00;71890,00;0,00;124,00;712,00;688,00;1121,00;5,00;1120,00;3,00;1119,00;3,00;1117,00;2,00;1116,00;1,00;14,00;1042,00;15,00;1043,00;2,00;1047,00;2,00;1048,00;2,00;1051,00;15,00;36,00;
250;1098,00;B;32,00;35136,00;1050,00;48,00;5,00;1110,00;1057,00;53,00;5,0142;1083,50;22,70;-22,90;3,00;3330,00;7,00;7399,00;32,00;35136,00;0,00;68,00;714,00;725,00;1110,00;3,00;1108,00;4,00;1106,00;2,00;1104,00;5,00;1103,00;4,00;18,00;1057,00;4,00;1060,00;5,00;1061,00;5,00;1062,00;7,00;1063,00;2,00;23,00;
251;1090,00;B;22,00;23980,00;1062,00;28,00;3,00;1104,00;1054,00;50,00;4,7438;1079,00;17,80;-19,40;6,00;6624,00;5,00;5270,00;22,00;23980,00;0,00;69,00;722,00;759,00;1104,00;1,00;1097,00;1,00;1096,00;1,00;1094,00;1,00;1093,00;7,00;11,00;1054,00;5,00;1057,00;5,00;1059,00;5,00;1062,00;2,00;1066,00;4,00;21,00;
252;1079,00;B;10,00;10790,00;1074,00;5,00;0,00;1095,00;1070,00;25,00;2,3364;1082,50;6,90;-5,90;1,00;1095,00;4,00;4280,00;10,00;10790,00;0,00;4,00;726,00;775,00;1095,00;1,00;1091,00;1,00;1088,00;1,00;1087,00;1,00;1086,00;1,00;5,00;1070,00;4,00;1076,00;2,00;1078,00;6,00;1079,00;2,00;1080,00;2,00;16,00;
253;1068,00;B;3,00;3204,00;1081,00;-13,00;-1,00;1075,00;1068,00;7,00;0,6554;1071,50;-4,50;0,10;1,00;1075,00;3,00;3204,00;3,00;3204,00;0,00;2,00;728,00;826,00;1075,00;1,00;1068,00;2,00;1067,00;4,00;1063,00;2,00;1062,00;4,00;13,00;1068,00;3,00;1071,00;29,00;1072,00;12,00;1073,00;15,00;1074,00;18,00;77,00;
254;1061,00;B;34,00;36074,00;1083,00;-22,00;-2,00;1071,00;1057,00;14,00;1,3245;1064,00;5,00;-3,40;2,00;2142,00;2,00;2114,00;34,00;36074,00;0,00;31,00;698,00;824,00;1071,00;2,00;1070,00;2,00;1069,00;2,00;1068,00;2,00;1067,00;4,00;12,00;1057,00;2,00;1060,00;34,00;1061,00;29,00;1062,00;10,00;1063,00;20,00;95,00;
255;1057,00;B;62,00;65534,00;1078,00;-21,00;-2,00;1078,00;1050,00;28,00;2,6667;1064,00;10,80;-10,40;2,00;2156,00;6,00;6300,00;62,00;65534,00;0,00;25,00;676,00;823,00;1078,00;2,00;1077,00;2,00;1075,00;2,00;1073,00;2,00;1071,00;4,00;12,00;1050,00;3,00;1053,00;9,00;1054,00;24,00;1055,00;14,00;1056,00;16,00;66,00;
256;1051,00;B;56,00;58856,00;1093,00;-42,00;-4,00;1069,00;1049,00;20,00;1,9066;1059,00;7,20;-7,80;6,00;6414,00;30,00;31470,00;56,00;58856,00;0,00;2,00;689,00;834,00;1069,00;6,00;1067,00;6,00;1066,00;2,00;1065,00;2,00;1064,00;2,00;18,00;1049,00;27,00;1050,00;8,00;1051,00;20,00;1052,00;15,00;1054,00;8,00;78,00;
257;1054,00;G;160,00;168640,00;1079,00;-25,00;-2,00;1087,00;1043,00;44,00;4,2186;1065,00;19,60;-20,00;5,00;5435,00;18,00;18774,00;160,00;168640,00;9,00;0,00;654,00;727,00;1087,00;5,00;1086,00;15,00;1085,00;5,00;1083,00;5,00;1082,00;5,00;35,00;1043,00;18,00;1044,00;5,00;1045,00;26,00;1046,00;23,00;1047,00;16,00;88,00;
258;1055,00;G;66,00;69630,00;1070,00;-15,00;-1,00;1078,00;1046,00;32,00;3,0593;1062,00;11,20;-14,00;5,00;5390,00;11,00;11506,00;66,00;69630,00;1,00;0,00;687,00;815,00;1078,00;5,00;1074,00;4,00;1073,00;2,00;1071,00;4,00;1070,00;4,00;19,00;1046,00;10,00;1047,00;5,00;1048,00;3,00;1049,00;10,00;1050,00;5,00;33,00;
259;1056,00;B;30,00;31680,00;1079,00;-23,00;-2,00;1066,00;1047,00;19,00;1,8147;1056,50;6,30;-5,10;6,00;6396,00;5,00;5235,00;30,00;31680,00;0,00;5,00;722,00;847,00;1066,00;4,00;1065,00;2,00;1063,00;4,00;1061,00;2,00;1059,00;2,00;14,00;1047,00;5,00;1049,00;6,00;1050,00;5,00;1055,00;8,00;1056,00;11,00;35,00;
260;1054,00;B;65,00;68510,00;1089,00;-35,00;-3,00;1074,00;1045,00;29,00;2,7751;1059,50;11,10;-10,90;3,00;3222,00;2,00;2090,00;65,00;68510,00;0,00;42,00;686,00;812,00;1074,00;2,00;1072,00;4,00;1070,00;4,00;1069,00;2,00;1068,00;2,00;14,00;1045,00;2,00;1048,00;8,00;1049,00;21,00;1050,00;6,00;1051,00;18,00;55,00;
261;1052,00;G;116,00;122032,00;1100,00;-48,00;-4,00;1084,00;1043,00;41,00;3,931;1063,50;17,10;-16,90;6,00;6504,00;2,00;2086,00;116,00;122032,00;4,00;0,00;667,00;764,00;1084,00;5,00;1082,00;10,00;1080,00;10,00;1079,00;5,00;1078,00;10,00;40,00;1043,00;2,00;1046,00;15,00;1047,00;18,00;1048,00;18,00;1049,00;21,00;74,00;
262;1072,00;b;136,00;145792,00;1085,00;-13,00;-1,00;1095,00;1044,00;51,00;4,8851;1069,50;23,10;-22,50;5,00;5475,00;13,00;13572,00;136,00;145792,00;0,00;0,00;690,00;736,00;1095,00;5,00;1094,00;5,00;1093,00;5,00;1092,00;5,00;1089,00;5,00;25,00;1044,00;13,00;1045,00;5,00;1046,00;5,00;1049,00;5,00;1051,00;5,00;33,00;
263;1071,00;G;28,00;29988,00;1092,00;-21,00;-2,00;1079,00;1071,00;8,00;0,747;1075,00;1,00;7,40;8,00;8632,00;28,00;29988,00;28,00;29988,00;5,00;0,00;737,00;792,00;1079,00;2,00;1078,00;2,00;1076,00;4,00;1074,00;6,00;1073,00;2,00;16,00;1071,00;28,00;1072,00;54,00;1087,00;2,00;1090,00;2,00;1092,00;2,00;88,00;
264;1074,00;B;45,00;48330,00;1105,00;-31,00;-3,00;1085,00;1063,00;22,00;2,0696;1074,00;8,00;-7,60;4,00;4340,00;5,00;5315,00;45,00;48330,00;0,00;9,00;720,00;772,00;1085,00;4,00;1083,00;2,00;1082,00;4,00;1081,00;2,00;1079,00;8,00;20,00;1063,00;3,00;1064,00;8,00;1066,00;6,00;1069,00;1,00;1070,00;3,00;21,00;
265;1084,00;G;60,00;65040,00;1111,00;-27,00;-2,00;1104,00;1066,00;38,00;3,5647;1085,00;11,20;-17,00;8,00;8832,00;4,00;4264,00;60,00;65040,00;2,00;0,00;718,00;744,00;1104,00;5,00;1098,00;10,00;1094,00;2,00;1093,00;2,00;1092,00;6,00;25,00;1066,00;4,00;1067,00;13,00;1068,00;3,00;1069,00;4,00;1070,00;6,00;30,00;
266;1090,00;G;43,00;46870,00;1094,00;-4,00;0,00;1109,00;1078,00;31,00;2,8757;1093,50;10,70;-12,70;6,00;6654,00;1,00;1078,00;43,00;46870,00;2,00;0,00;731,00;745,00;1109,00;5,00;1105,00;2,00;1104,00;2,00;1102,00;4,00;1101,00;2,00;15,00;1078,00;1,00;1079,00;1,00;1081,00;4,00;1082,00;1,00;1084,00;8,00;15,00;
267;1091,00;B;10,00;10910,00;1103,00;-12,00;-1,00;1100,00;1083,00;17,00;1,5697;1091,50;1,50;-2,70;2,00;2200,00;2,00;2166,00;10,00;10910,00;0,00;4,00;765,00;771,00;1100,00;2,00;1095,00;3,00;1092,00;1,00;1091,00;4,00;1087,00;2,00;12,00;1083,00;2,00;1088,00;6,00;1090,00;4,00;1091,00;2,00;1092,00;1,00;15,00;
268;1090,00;G;26,00;28340,00;1111,00;-21,00;-2,00;1096,00;1083,00;13,00;1,2004;1089,50;3,70;-4,50;8,00;8768,00;5,00;5415,00;26,00;28340,00;1,00;0,00;755,00;753,00;1096,00;4,00;1094,00;8,00;1093,00;1,00;1092,00;2,00;1091,00;6,00;21,00;1083,00;5,00;1084,00;2,00;1085,00;3,00;1086,00;4,00;1087,00;2,00;16,00;
269;1096,00;B;33,00;36168,00;1123,00;-27,00;-2,00;1108,00;1085,00;23,00;2,1198;1096,50;7,90;-9,10;4,00;4432,00;4,00;4340,00;33,00;36168,00;0,00;1,00;746,00;750,00;1108,00;2,00;1107,00;4,00;1104,00;4,00;1103,00;4,00;1100,00;2,00;16,00;1085,00;1,00;1086,00;3,00;1087,00;3,00;1089,00;1,00;1090,00;4,00;12,00;
270;1110,00;G;22,00;24420,00;1102,00;8,00;1,00;1117,00;1088,00;29,00;2,6654;1102,50;10,90;-12,50;4,00;4468,00;4,00;4352,00;22,00;24420,00;2,00;0,00;762,00;750,00;1117,00;2,00;1114,00;4,00;1113,00;2,00;1112,00;4,00;1111,00;2,00;14,00;1088,00;4,00;1089,00;2,00;1090,00;1,00;1091,00;1,00;1092,00;1,00;9,00;
271;1113,00;b;18,00;20034,00;1121,00;-8,00;-1,00;1121,00;1103,00;18,00;1,6319;1112,00;3,80;-3,00;4,00;4484,00;2,00;2206,00;18,00;20034,00;0,00;0,00;793,00;738,00;1121,00;2,00;1116,00;5,00;1115,00;2,00;1114,00;1,00;1113,00;6,00;16,00;1103,00;2,00;1109,00;1,00;1110,00;1,00;1111,00;4,00;1112,00;4,00;12,00;
272;1118,00;G;3,00;3354,00;1110,00;8,00;1,00;1118,00;1112,00;6,00;0,5396;1115,00;-1,00;7,40;3,00;3354,00;1,00;1112,00;3,00;3354,00;1,00;0,00;809,00;756,00;1118,00;4,00;1116,00;2,00;1113,00;25,00;1112,00;15,00;1111,00;2,00;48,00;1112,00;1,00;1113,00;2,00;1127,00;2,00;1128,00;2,00;1132,00;4,00;11,00;
273;1121,00;B;18,00;20178,00;1114,00;7,00;1,00;1125,00;1117,00;8,00;0,7162;1121,00;2,00;-2,00;7,00;7875,00;4,00;4468,00;18,00;20178,00;0,00;2,00;797,00;744,00;1125,00;7,00;1124,00;2,00;1123,00;6,00;1122,00;2,00;1121,00;1,00;18,00;1117,00;2,00;1118,00;4,00;1119,00;2,00;1120,00;6,00;1121,00;4,00;18,00;
274;1124,00;B;6,00;6744,00;1129,00;-5,00;0,00;1129,00;1109,00;20,00;1,8034;1119,00;4,40;-1,00;2,00;2258,00;2,00;2218,00;6,00;6744,00;0,00;8,00;815,00;754,00;1129,00;2,00;1126,00;1,00;1124,00;3,00;1120,00;3,00;1118,00;10,00;19,00;1109,00;2,00;1117,00;2,00;1120,00;2,00;1121,00;4,00;1123,00;2,00;12,00;
275;1127,00;G;5,00;5635,00;1109,00;18,00;2,00;1130,00;1130,00;0,00;0,00;1130,00;-2,80;5,60;1,00;1130,00;1,00;1130,00;5,00;5635,00;7,00;0,00;820,00;758,00;1130,00;1,00;1128,00;3,00;1127,00;8,00;1126,00;1,00;1125,00;2,00;15,00;1130,00;2,00;1132,00;2,00;1135,00;2,00;1140,00;4,00;1141,00;2,00;12,00;
276;1127,00;B;39,00;43953,00;1099,00;28,00;3,00;1134,00;1114,00;20,00;1,7953;1124,00;8,00;-7,20;2,00;2268,00;8,00;8912,00;39,00;43953,00;0,00;11,00;788,00;725,00;1134,00;2,00;1133,00;3,00;1132,00;7,00;1131,00;1,00;1130,00;14,00;27,00;1114,00;2,00;1115,00;2,00;1116,00;2,00;1118,00;4,00;1121,00;2,00;12,00;
277;1118,00;B;42,00;46956,00;1117,00;1,00;0,00;1134,00;1101,00;33,00;2,9973;1117,50;14,10;-11,30;4,00;4536,00;5,00;5505,00;42,00;46956,00;0,00;7,00;786,00;723,00;1134,00;3,00;1133,00;1,00;1132,00;3,00;1131,00;1,00;1128,00;1,00;9,00;1101,00;5,00;1105,00;2,00;1107,00;2,00;1108,00;6,00;1110,00;4,00;19,00;
278;1125,00;B;6,00;6750,00;1119,00;6,00;1,00;1125,00;1119,00;6,00;0,5362;1122,00;-1,00;1,60;6,00;6750,00;2,00;2238,00;6,00;6750,00;0,00;2,00;819,00;751,00;1125,00;6,00;1123,00;3,00;1122,00;3,00;1118,00;1,00;1117,00;1,00;14,00;1119,00;2,00;1122,00;2,00;1124,00;4,00;1126,00;1,00;1127,00;2,00;11,00;
279;1129,00;G;9,00;10161,00;1130,00;-1,00;0,00;1133,00;1123,00;10,00;0,8905;1128,00;2,40;-1,00;4,00;4532,00;1,00;1123,00;9,00;10161,00;2,00;0,00;820,00;748,00;1133,00;1,00;1132,00;3,00;1131,00;1,00;1129,00;3,00;1127,00;1,00;9,00;1123,00;1,00;1125,00;4,00;1128,00;2,00;1129,00;2,00;1130,00;6,00;15,00;
280;1136,00;G;4,00;4544,00;1135,00;1,00;0,00;1140,00;1132,00;8,00;0,7067;1136,00;-0,40;0,20;3,00;3420,00;2,00;2264,00;4,00;4544,00;2,00;0,00;823,00;752,00;1140,00;1,00;1136,00;3,00;1135,00;1,00;1134,00;2,00;1133,00;12,00;19,00;1132,00;2,00;1135,00;2,00;1137,00;2,00;1138,00;4,00;1139,00;2,00;12,00;
281;1144,00;b;6,00;6864,00;1140,00;4,00;0,00;1144,00;1135,00;9,00;0,793;1139,50;1,70;3,90;6,00;6864,00;4,00;4540,00;6,00;6864,00;0,00;0,00;854,00;747,00;1144,00;6,00;1142,00;7,00;1141,00;18,00;1140,00;3,00;1139,00;4,00;38,00;1135,00;2,00;1141,00;2,00;1146,00;4,00;1147,00;7,00;1148,00;8,00;23,00;
282;1147,00;B;1,00;1147,00;1154,00;-7,00;-1,00;1144,00;1147,00;-3,00;-0,2616;1145,50;-9,10;6,70;0,00;0,00;1,00;1147,00;1,00;1147,00;0,00;3,00;883,00;747,00;1144,00;66,00;1143,00;49,00;1134,00;4,00;1131,00;2,00;1130,00;4,00;125,00;1147,00;4,00;1152,00;2,00;1153,00;4,00;1154,00;2,00;1155,00;2,00;14,00;
283;1154,00;G;4,00;4616,00;1148,00;6,00;1,00;1154,00;1157,00;-3,00;-0,2593;1155,50;-3,50;6,50;4,00;4616,00;0,00;0,00;4,00;4616,00;1,00;0,00;879,00;748,00;1154,00;5,00;1153,00;8,00;1152,00;3,00;1151,00;3,00;1150,00;3,00;22,00;1157,00;2,00;1159,00;2,00;1161,00;2,00;1166,00;2,00;1167,00;2,00;10,00;
284;1161,00;b;10,00;11610,00;1140,00;21,00;2,00;1165,00;1149,00;16,00;1,3925;1157,00;4,40;-1,60;2,00;2330,00;4,00;4596,00;10,00;11610,00;0,00;0,00;879,00;740,00;1165,00;2,00;1162,00;5,00;1161,00;3,00;1160,00;23,00;1159,00;3,00;36,00;1149,00;2,00;1153,00;2,00;1156,00;2,00;1157,00;2,00;1162,00;4,00;12,00;
285;1161,00;G;43,00;49923,00;1160,00;1,00;0,00;1161,00;1141,00;20,00;1,7528;1151,00;-7,00;-1,60;43,00;49923,00;2,00;2282,00;43,00;49923,00;34,00;0,00;857,00;704,00;1161,00;77,00;1160,00;57,00;1134,00;2,00;1133,00;2,00;1132,00;2,00;140,00;1141,00;2,00;1149,00;2,00;1150,00;2,00;1153,00;6,00;1154,00;2,00;14,00;
286;1169,00;G;5,00;5845,00;1140,00;29,00;3,00;1169,00;1162,00;7,00;0,6024;1165,50;1,50;3,30;5,00;5845,00;3,00;3486,00;5,00;5845,00;3,00;0,00;891,00;741,00;1169,00;8,00;1168,00;31,00;1167,00;6,00;1166,00;10,00;1165,00;8,00;63,00;1162,00;2,00;1169,00;2,00;1170,00;2,00;1171,00;2,00;1172,00;1,00;9,00;
287;1171,00;G;71,00;83141,00;1144,00;27,00;2,00;1180,00;1145,00;35,00;3,0568;1162,50;13,90;-12,30;2,00;2360,00;5,00;5725,00;71,00;83141,00;22,00;0,00;846,00;678,00;1180,00;1,00;1177,00;5,00;1176,00;10,00;1175,00;15,00;1174,00;10,00;41,00;1145,00;5,00;1149,00;2,00;1150,00;2,00;1153,00;4,00;1154,00;4,00;17,00;
288;1176,00;B;67,00;78792,00;1154,00;22,00;2,00;1179,00;1149,00;30,00;2,611;1164,00;12,40;-12,20;21,00;24759,00;2,00;2298,00;67,00;78792,00;0,00;3,00;854,00;679,00;1179,00;15,00;1178,00;36,00;1176,00;10,00;1175,00;5,00;1174,00;5,00;71,00;1149,00;2,00;1150,00;2,00;1151,00;2,00;1152,00;2,00;1157,00;4,00;12,00;
289;1175,00;G;40,00;47000,00;1133,00;42,00;4,00;1184,00;1159,00;25,00;2,157;1171,50;8,50;-8,50;5,00;5920,00;6,00;6954,00;40,00;47000,00;3,00;0,00;875,00;707,00;1184,00;5,00;1182,00;8,00;1181,00;10,00;1177,00;5,00;1176,00;5,00;33,00;1159,00;2,00;1160,00;2,00;1162,00;2,00;1165,00;2,00;1169,00;4,00;12,00;
290;1175,00;B;124,00;145700,00;1129,00;46,00;4,00;1183,00;1136,00;47,00;4,1373;1159,50;21,50;-17,10;5,00;5915,00;7,00;7952,00;124,00;145700,00;0,00;16,00;790,00;653,00;1183,00;5,00;1182,00;10,00;1181,00;21,00;1180,00;18,00;1179,00;10,00;64,00;1136,00;5,00;1142,00;5,00;1143,00;10,00;1145,00;7,00;1146,00;2,00;29,00;
291;1167,00;G;124,00;144708,00;1118,00;49,00;4,00;1180,00;1130,00;50,00;4,4248;1155,00;19,80;-19,60;5,00;5900,00;5,00;5650,00;124,00;144708,00;6,00;0,00;787,00;655,00;1180,00;5,00;1175,00;10,00;1174,00;23,00;1173,00;10,00;1172,00;30,00;78,00;1130,00;5,00;1131,00;5,00;1134,00;5,00;1140,00;5,00;1142,00;5,00;25,00;
292;1159,00;B;123,00;142557,00;1127,00;32,00;3,00;1178,00;1121,00;57,00;5,0847;1149,50;24,90;-24,30;3,00;3534,00;6,00;6726,00;123,00;142557,00;0,00;21,00;770,00;653,00;1178,00;3,00;1175,00;8,00;1174,00;5,00;1173,00;5,00;1172,00;11,00;32,00;1121,00;5,00;1124,00;5,00;1125,00;5,00;1127,00;5,00;1129,00;10,00;30,00;
293;1156,00;G;52,00;60112,00;1128,00;28,00;2,00;1165,00;1130,00;35,00;3,0973;1147,50;14,70;-10,90;3,00;3495,00;7,00;7910,00;52,00;60112,00;2,00;0,00;814,00;681,00;1165,00;3,00;1163,00;6,00;1162,00;12,00;1161,00;3,00;1160,00;5,00;29,00;1130,00;5,00;1136,00;5,00;1138,00;2,00;1139,00;4,00;1140,00;2,00;18,00;
294;1157,00;G;47,00;54379,00;1124,00;33,00;3,00;1164,00;1132,00;32,00;2,8269;1148,00;14,00;-9,40;4,00;4656,00;5,00;5660,00;47,00;54379,00;7,00;0,00;801,00;684,00;1164,00;3,00;1163,00;7,00;1162,00;5,00;1161,00;6,00;1160,00;3,00;24,00;1132,00;5,00;1138,00;2,00;1140,00;2,00;1141,00;2,00;1142,00;4,00;15,00;
295;1157,00;G;65,00;75205,00;1133,00;24,00;2,00;1165,00;1133,00;32,00;2,8244;1149,00;14,00;-12,80;2,00;2330,00;13,00;14729,00;65,00;75205,00;1,00;0,00;781,00;667,00;1165,00;1,00;1164,00;6,00;1163,00;6,00;1162,00;9,00;1161,00;12,00;34,00;1133,00;10,00;1135,00;2,00;1136,00;2,00;1138,00;2,00;1139,00;4,00;20,00;
296;1159,00;G;39,00;45201,00;1137,00;22,00;2,00;1168,00;1142,00;26,00;2,2767;1155,00;9,40;-9,60;1,00;1168,00;6,00;6852,00;39,00;45201,00;13,00;0,00;802,00;686,00;1168,00;1,00;1165,00;3,00;1164,00;8,00;1163,00;7,00;1162,00;5,00;24,00;1142,00;4,00;1144,00;2,00;1146,00;2,00;1147,00;2,00;1148,00;2,00;12,00;
297;1162,00;B;36,00;41832,00;1142,00;20,00;2,00;1170,00;1143,00;27,00;2,3622;1156,50;9,90;-8,30;4,00;4680,00;2,00;2286,00;36,00;41832,00;0,00;3,00;813,00;684,00;1170,00;4,00;1167,00;3,00;1166,00;3,00;1165,00;1,00;1164,00;10,00;21,00;1143,00;2,00;1144,00;2,00;1149,00;4,00;1152,00;6,00;1153,00;4,00;18,00;
298;1163,00;B;22,00;25586,00;1134,00;29,00;3,00;1168,00;1146,00;22,00;1,9197;1157,00;8,20;-6,20;7,00;8176,00;2,00;2292,00;22,00;25586,00;0,00;6,00;828,00;695,00;1168,00;3,00;1167,00;4,00;1166,00;7,00;1163,00;4,00;1162,00;1,00;19,00;1146,00;2,00;1148,00;4,00;1152,00;2,00;1153,00;2,00;1155,00;2,00;12,00;
299;1160,00;G;39,00;45240,00;1130,00;30,00;3,00;1171,00;1140,00;31,00;2,7193;1155,50;11,50;-12,50;3,00;3513,00;2,00;2280,00;39,00;45240,00;13,00;0,00;809,00;679,00;1171,00;1,00;1168,00;3,00;1167,00;3,00;1165,00;4,00;1164,00;3,00;14,00;1140,00;2,00;1141,00;2,00;1142,00;2,00;1144,00;2,00;1148,00;2,00;10,00;
300;1161,00;G;47,00;54567,00;1146,00;15,00;1,00;1171,00;1133,00;38,00;3,3539;1152,00;15,40;-16,20;2,00;2342,00;5,00;5665,00;47,00;54567,00;3,00;0,00;791,00;681,00;1171,00;2,00;1168,00;3,00;1167,00;10,00;1166,00;4,00;1165,00;12,00;31,00;1133,00;5,00;1134,00;5,00;1135,00;5,00;1137,00;2,00;1140,00;2,00;19,00;
